Accepted_Annotations,Annotation_Count,Comment_Count,Followers,Length_Referent_Text,Number_Contributors,Number_Verified_Annotations,Page_Views,Pyong_Count,Release_Date
54,58,0,693,189,111,0,77481,31,5353
26,35,0,598,43,32,0,47306,23,2234
18,19,0,8610,34,156,0,1385859,89,826
24,27,0,693,8,55,0,5,12,7173
29,32,0,17568,38,175,0,990612,273,3204
37,40,0,693,35,96,1,253453,33,7936
19,20,0,2503,103,45,0,273854,10,699
36,40,0,21495,78,363,3,4131701,623,2036
55,62,0,8610,37,226,4,1891346,94,2074
33,41,0,8610,53,207,7,1930333,90,566
20,24,0,17568,17,191,3,1147870,203,2841
20,29,2,419,111,66,0,55588,3,9854
25,26,1,8610,47,239,0,1480434,207,2914
7,8,0,693,48,43,0,74911,30,3594
106,107,0,17568,26,536,0,1719362,521,1657
18,22,2,17568,170,172,0,828968,227,2528
16,19,0,21495,6,100,0,1376561,138,1705
98,101,5,21495,142,552,2,2049199,111,2036
14,27,1,419,48,58,0,93873,13,10415
39,47,0,2660,56,231,1,1028013,143,7768
53,55,3,17568,15,322,0,1121576,254,2784
36,37,0,21495,25,508,0,4526124,507,401
3,4,0,598,47,18,0,37939,46,4310
59,62,0,21495,59,453,0,1377723,100,401
45,46,0,10964,44,191,0,2798227,1397,1207
22,24,2,21495,53,366,1,2267806,211,401
5,20,1,38,52,6,0,1382475,9,1115
34,35,0,2660,19,80,0,243325,28,8020
13,15,3,21495,141,159,0,1329333,136,136
134,137,3,21495,79,714,2,4168155,573,1742
8,14,0,598,44,24,0,36887,42,7089
57,58,0,2503,154,157,0,183015,19,611
66,69,0,10964,168,306,2,2875478,342,1699
22,24,0,693,37,62,0,58154,8,7936
66,67,0,21495,14,246,0,2418330,820,1545
50,57,0,2503,25,88,0,188652,27,1986
22,27,2,2660,40,158,0,1163069,159,8970
32,35,0,2660,81,85,0,276104,35,7866
17,18,0,21495,70,319,0,3190791,366,625
21,26,0,419,93,27,0,24461,1,9854
17,18,0,693,41,53,0,66937,10,7173
10,16,0,598,64,28,0,36933,47,7089
29,30,3,21495,114,356,0,4016170,162,401
24,25,2,8610,81,175,0,1691176,204,863
66,67,0,2503,51,117,0,275989,163,1434
44,46,0,2503,37,76,0,158330,11,1986
40,46,0,8610,25,335,0,3428303,174,2082
30,32,1,693,75,70,0,233864,72,6277
40,42,1,17568,124,243,0,1365257,610,1565
33,36,0,8610,64,335,2,5070070,372,2441
14,23,0,419,7,34,0,27247,6,9854
42,43,0,10964,31,195,0,3081814,165,2378
62,69,0,8610,46,372,6,6159849,319,2238
47,51,18,10964,71,346,3,3910160,380,2036
39,49,0,419,86,193,0,1708934,146,10876
55,66,0,419,41,50,0,49068,6,10877
57,58,0,2503,100,157,0,183015,19,611
6,12,1,598,77,58,0,200216,107,7320
55,56,0,2660,109,370,0,1318014,525,1162
38,39,0,21495,61,262,0,1497028,996,1175
36,40,20,21495,82,363,3,4131701,623,2036
39,40,0,693,72,83,0,173703,34,7985
15,18,0,693,37,39,0,75496,17,5353
0,7,0,38,22,9,0,5594,3,754
27,29,0,2660,18,142,0,589526,94,8179
45,46,0,10964,134,191,0,2798227,1397,1207
10,16,0,2660,80,75,0,310739,40,9110
37,38,0,8610,47,200,0,3050327,2699,1346
53,54,0,8610,192,315,0,1536371,192,853
19,21,1,2503,100,63,0,199159,9,4870
22,23,0,8610,144,127,0,1558247,50,826
29,30,1,21495,65,356,0,4016170,162,401
11,12,0,8610,31,119,0,1381659,86,826
19,23,0,598,22,47,0,78612,9,7132
51,52,2,21495,169,360,0,2016243,1267,1162
30,38,0,419,34,51,0,42338,8,10601
18,19,0,21495,58,827,0,9407569,949,416
42,43,0,10964,49,195,0,3081814,165,2378
31,32,0,693,6,121,0,751230,95,6438
28,29,1,21495,22,198,0,1921896,426,2514
25,27,0,10964,28,153,0,2542718,168,2217
22,24,0,21495,82,366,1,2267806,211,401
39,44,1,2503,28,54,0,150795,8,1986
18,19,0,8610,170,156,0,1385859,89,826
65,67,1,8610,22,362,0,2968632,314,2766
22,41,0,419,30,30,0,29649,3,10877
19,22,0,2660,56,111,0,383454,65,7917
25,27,1,8610,121,237,1,2391365,254,1797
27,32,0,419,147,24,0,29132,2,10218
12,15,3,2660,80,72,0,290854,74,4863
28,29,0,10964,70,220,0,2943027,172,973
66,69,0,10964,73,306,2,2875478,342,1699
134,137,21,21495,62,714,2,4168155,573,1742
38,40,0,21495,80,546,1,2377865,1535,1196
26,31,0,598,110,78,0,214830,87,6557
38,40,4,21495,147,546,1,2377865,1535,1196
11,14,0,419,118,31,0,32188,260,9854
24,33,0,419,143,22,0,40285,2,9854
11,12,1,8610,96,119,0,1381659,86,826
42,48,0,2503,44,104,0,315757,44,4252
103,107,0,21495,29,399,3,1792776,310,1951
17,18,0,2503,50,59,0,211688,13,1986
25,27,1,8610,27,237,1,2391365,254,1797
7,18,0,419,67,25,0,30890,4,9854
25,26,0,598,222,273,0,1657441,82,751
20,29,0,419,34,66,0,55588,3,9854
35,42,0,598,51,48,0,37416,56,7306
25,26,0,8610,107,273,0,1657441,82,751
0,9,0,38,41,4,0,1382475,3,1308
13,15,3,598,162,66,0,311514,89,5599
29,38,0,598,42,84,0,332843,96,5360
34,36,0,2503,35,100,0,541196,28,2086
30,31,0,2503,41,125,0,579775,56,947
29,38,0,598,42,84,0,332843,96,5360
15,18,0,693,7,39,0,75496,17,5353
42,49,1,17568,38,267,6,961072,981,1364
55,62,0,8610,23,226,4,1891346,94,2074
0,20,0,38,33,5,0,1382475,260,1160
16,17,1,2503,31,79,0,590497,90,1905
37,38,0,8610,59,200,0,3050327,2699,1346
47,51,0,21495,182,346,3,3910160,380,2036
40,46,0,8610,18,335,0,3428303,174,2082
9,16,0,598,42,28,0,33035,77,7404
46,49,0,21495,6,375,2,5236229,872,2119
21,24,0,8610,136,257,2,1441789,313,2779
55,66,0,419,35,50,0,49068,6,10877
106,107,0,17568,60,536,0,1719362,521,1657
30,38,0,419,142,51,0,42338,8,10601
31,34,0,17568,65,212,2,848363,144,7055
17,18,4,2503,92,118,0,802089,611,1460
18,19,0,10964,78,152,0,2401685,59,751
65,67,0,8610,29,362,0,2968632,314,2766
18,19,2,10964,104,152,0,2401685,59,751
12,13,0,17568,276,229,0,2590584,402,156
20,31,0,598,35,65,0,167114,92,7114
37,42,22,17568,7,399,4,3060005,1027,5683
40,42,0,17568,41,243,0,1365257,610,1565
19,21,0,2503,7,63,0,199159,9,4870
11,12,1,8610,278,216,0,3708670,204,826
10,18,0,2660,135,69,0,265651,35,7481
53,54,0,8610,111,315,0,1536371,192,853
35,39,0,8610,176,277,3,3184871,369,1797
39,42,2,10964,9,393,2,7086094,669,2034
66,67,1,2503,279,117,0,275989,163,1434
29,30,0,2503,35,110,0,505744,68,4860
35,39,1,8610,7,277,3,3184871,369,1797
27,28,0,10964,25,196,0,3183017,226,1929
9,23,0,419,78,47,0,68548,16,9854
118,122,1,17568,6,1380,3,12190302,5604,1678
32,42,12,8610,67,515,9,5296468,341,887
17,18,0,2503,23,118,0,802089,611,1460
10,11,2,10964,120,237,0,5521909,201,775
36,38,0,693,19,95,0,234938,47,6452
48,51,2,17568,22,292,2,1384638,302,6578
20,29,0,419,30,66,0,55588,3,9854
0,5,0,38,39,3,0,6552,12,1746
9,10,0,10964,139,252,0,6148182,583,1030
29,36,0,2503,30,43,0,140356,6,2150
20,21,0,21495,94,247,0,2330119,168,401
16,17,0,2503,46,79,0,590497,90,1905
33,34,0,2503,61,106,0,222423,22,4870
21,33,0,598,69,41,0,34642,7,7369
18,21,0,598,25,35,0,38870,60,7089
94,104,0,2660,14,294,0,2015929,338,8020
1,12,0,419,80,8,0,41280,2,10877
17,20,0,17568,127,152,1,1204637,210,5733
21,26,1,419,21,27,0,24461,1,9854
8,10,1,693,52,34,0,74409,10,5353
12,13,0,17568,191,229,0,2590584,402,156
38,41,2,2660,75,93,0,243794,37,5654
11,20,1,598,8,36,0,29021,51,7089
23,24,0,21495,73,382,0,3709414,1885,1162
30,31,0,2503,20,82,0,140642,18,4646
23,24,0,10964,158,398,0,4498975,1263,1026
22,24,0,21495,37,366,1,2267806,211,401
43,48,0,2503,74,90,0,284677,40,1986
66,69,0,10964,91,306,2,2875478,342,1699
10,11,2,10964,160,237,0,5521909,201,775
16,22,0,419,42,40,0,89259,12,10141
13,14,0,10964,49,93,0,2256798,1395,1111
19,21,0,598,61,28,0,154723,78,6725
24,28,0,598,136,32,0,50538,57,7306
17,18,0,2503,185,118,0,802089,611,1460
24,33,0,419,82,22,0,40285,2,9854
2,9,2,38,43,39,0,282527,50,1174
48,49,0,2503,30,97,0,143815,41,954
11,20,0,598,18,36,0,29021,51,7089
22,29,0,2660,50,88,0,292144,62,8377
54,56,1,17568,43,295,0,1338433,198,3188
44,45,5,21495,191,712,0,1479165,270,423
39,49,0,419,26,193,0,1708934,146,10876
17,24,0,598,62,31,0,34150,6,7509
62,69,6,8610,6,372,6,6159849,319,2238
28,29,0,10964,105,220,0,2943027,172,973
31,58,0,10964,31,245,26,4690125,1077,1192
16,19,0,693,18,27,0,66018,10,5353
6,8,0,598,88,30,0,41400,65,7306
57,58,2,2503,88,157,0,183015,19,611
42,43,1,419,41,188,0,1173187,161,10906
32,35,2,2660,79,85,0,276104,35,7866
17,20,0,17568,66,152,1,1204637,210,5733
12,13,0,10964,94,168,0,5132018,475,1747
55,57,1,17568,61,290,1,1404525,294,1685
55,66,0,419,39,50,0,49068,6,10877
84,89,0,21495,42,552,4,5613108,2095,2036
41,49,0,693,44,63,0,57364,6,7936
35,39,0,8610,32,365,3,3306405,290,826
36,40,0,21495,22,363,3,4131701,623,2036
33,34,0,693,30,66,0,55269,10,7936
6,12,0,598,41,58,0,200216,107,7320
27,29,0,2660,14,142,0,589526,94,8179
60,62,0,10964,40,199,1,2718643,228,1793
53,54,0,8610,67,315,0,1536371,192,853
45,47,0,10964,47,234,1,2749197,1861,1300
9,23,0,419,17,47,0,68548,16,9854
25,26,0,8610,202,239,0,1480434,207,2914
31,32,0,693,43,121,0,751230,95,6438
38,40,0,17568,164,147,0,1054515,245,4773
25,26,0,8610,143,273,0,1657441,82,751
2,17,0,38,26,6,0,1382475,260,931
5,18,1,419,96,20,0,26872,10,9854
22,28,0,8610,109,167,0,2147517,91,2126
42,48,1,2503,99,104,0,315757,44,4252
55,66,0,419,43,50,0,49068,6,10877
26,27,0,693,104,84,0,174452,23,7249
21,22,0,8610,139,171,0,1491573,99,826
32,42,52,8610,59,515,9,5296468,341,887
12,13,0,10964,17,168,0,5132018,475,1747
17,18,1,2503,52,59,0,211688,13,1986
44,57,0,598,56,78,0,44223,4,7467
39,43,79,17568,105,455,3,4139198,785,1664
16,22,1,2660,89,95,1,234474,28,8132
15,23,1,598,62,32,0,27804,75,6725
48,49,1,2503,66,97,0,143815,41,954
39,42,1,21495,31,393,2,7086094,669,2034
8,16,0,598,146,27,0,182769,80,7306
34,36,0,2503,166,176,0,336606,54,1017
14,22,0,2660,86,90,0,403463,54,8132
11,12,0,8610,26,119,0,1381659,86,826
66,67,0,2503,39,117,0,275989,163,1434
26,37,0,598,80,34,0,80238,12,4252
33,36,1,8610,141,335,2,5070070,372,2441
55,62,1,8610,49,226,4,1891346,94,2074
17,18,0,21495,61,319,0,3190791,366,625
16,19,0,693,55,27,0,66018,10,5353
36,49,0,419,179,42,0,65899,6,10141
0,9,0,38,30,4,0,1382475,3,1308
19,20,1,693,71,50,0,93670,33,7173
51,52,0,2503,39,151,0,698013,73,2466
26,29,0,693,62,62,1,155005,25,6935
13,14,0,10964,54,93,0,2256798,1395,1111
42,43,0,10964,12,195,0,3081814,165,2378
22,27,0,693,58,82,0,207559,26,7173
14,23,1,419,20,34,0,27247,6,9854
25,27,5,8610,50,237,1,2391365,254,1797
29,36,0,2503,29,43,0,140356,6,2150
12,13,0,17568,53,229,0,2590584,402,156
21,33,0,598,127,41,0,34642,7,7369
65,67,0,8610,47,362,0,2968632,314,2766
24,29,0,8610,100,195,4,2724546,198,2477
29,36,0,2503,117,43,0,140356,6,2150
19,20,1,2503,176,45,0,273854,10,699
134,137,3,21495,55,714,2,4168155,573,1742
30,35,0,2660,95,152,0,245908,29,7906
29,36,0,2503,76,43,0,140356,6,2150
40,50,1,17568,64,411,7,1221363,153,471
17,18,2,2503,82,59,0,211688,13,1986
26,28,0,2660,102,128,0,323029,54,8132
33,36,0,8610,16,335,2,5070070,372,2441
13,18,0,693,259,95,0,932378,84,5367
50,52,1,2503,53,79,0,138877,22,2595
53,55,4,17568,36,322,0,1121576,254,2784
25,26,4,8610,148,273,0,1657441,82,751
8,16,3,598,60,27,0,182769,80,7306
44,46,0,2503,28,76,0,158330,11,1986
18,22,1,17568,53,172,0,828968,227,2528
24,25,0,8610,40,175,0,1691176,204,863
62,69,4,8610,76,372,6,6159849,319,2238
34,36,0,2503,45,100,0,541196,28,2086
45,47,3,10964,107,234,1,2749197,1861,1300
33,38,0,419,75,106,0,380781,29,10849
51,52,0,21495,491,360,0,2016243,1267,1162
38,39,0,8610,61,262,0,1497028,996,1175
9,10,0,10964,126,252,0,6148182,583,1030
53,55,1,17568,48,322,0,1121576,254,2784
48,51,0,17568,29,292,2,1384638,302,6578
23,24,0,21495,32,382,0,3709414,1885,1162
45,46,1,10964,58,191,0,2798227,1397,1207
22,35,0,10964,94,149,12,2449361,452,1192
35,42,0,598,46,48,0,37416,56,7306
14,22,0,2660,5,90,0,403463,54,8132
43,48,0,2503,15,90,0,284677,40,1986
22,24,43,21495,48,366,1,2267806,211,401
24,27,1,598,148,125,0,1136917,296,1664
19,20,0,2503,240,45,0,273854,10,699
22,27,0,693,70,82,0,207559,26,7173
25,27,3,10964,44,153,0,2542718,168,2217
7,8,0,10964,106,220,0,2378626,165,428
22,26,0,2660,158,41,0,415789,59,5701
19,22,0,2660,125,111,0,383454,65,7917
31,34,0,17568,55,212,2,848363,144,7055
28,29,0,10964,97,220,0,2943027,172,973
4,9,3,2660,74,21,0,409421,30,6389
9,10,0,10964,24,252,0,6148182,583,1030
34,35,0,2660,28,80,0,243325,28,8020
54,58,0,693,106,111,0,77481,31,5353
50,57,1,2503,40,88,0,188652,27,1986
15,18,0,693,20,39,0,75496,17,5353
30,35,0,2660,31,152,0,245908,29,7906
55,56,1,17568,24,281,0,1478231,259,5843
0,2,0,38,45,6,0,11447,8,1115
73,76,0,2503,25,141,0,562484,46,2466
7,8,1,10964,45,220,0,2378626,165,428
8,16,0,598,43,27,0,182769,80,7306
110,117,1,2503,11,149,0,314608,338,1475
25,27,0,8610,117,237,1,2391365,254,1797
41,49,0,693,50,63,0,57364,6,7936
21,26,1,419,49,56,0,87650,17,6845
13,18,1,693,126,95,0,932378,84,5367
23,24,0,10964,90,398,0,4498975,1263,1026
20,23,2,2660,45,146,0,897768,206,8489
8,10,1,693,110,34,0,74409,10,5353
19,20,1,693,21,50,0,93670,33,7173
29,30,0,2503,94,110,0,505744,68,4860
23,24,3,693,43,60,0,53974,9,7210
19,21,1,598,96,28,0,154723,78,6725
11,20,0,598,1,36,0,29021,51,7089
8,16,0,598,199,27,0,182769,80,7306
26,28,1,2660,376,128,0,323029,54,8132
30,35,1,2660,115,152,0,245908,29,7906
7,18,1,419,47,25,0,30890,4,9854
39,47,0,2660,34,231,1,1028013,143,7768
36,40,0,21495,16,363,3,4131701,623,2036
21,22,1,8610,52,171,0,1491573,99,826
7,12,0,2503,128,51,4,227520,30,627
24,33,0,419,39,22,0,40285,2,9854
30,32,0,693,48,70,0,233864,72,6277
39,42,0,21495,63,393,2,7086094,669,2034
29,32,0,17568,241,175,0,990612,273,3204
1,12,0,419,145,8,0,41280,2,10877
4,13,0,598,163,21,0,28888,55,7306
9,16,0,598,228,28,0,33035,77,7404
48,50,1,17568,31,235,0,962445,310,2943
57,58,1,2503,63,157,0,183015,19,611
55,56,5,17568,13,281,0,1478231,259,5843
33,34,0,693,76,66,0,55269,10,7936
103,107,3,21495,84,399,3,1792776,310,1951
24,25,0,17568,85,278,0,1050140,672,1125
52,55,0,693,45,64,1,54408,12,8735
47,49,0,2503,68,181,0,884987,117,1986
20,25,0,419,31,28,0,41912,8,10877
32,35,0,2660,53,85,0,276104,35,7866
23,24,4,10964,71,398,0,4498975,1263,1026
23,24,0,693,53,60,0,53974,9,7210
38,39,0,8610,30,262,0,1497028,996,1175
2,17,0,38,114,6,0,1382475,260,931
40,42,0,17568,32,243,0,1365257,610,1565
19,21,1,2503,52,63,0,199159,9,4870
48,51,3,17568,83,292,2,1384638,302,6578
36,40,0,21495,108,363,3,4131701,623,2036
59,65,0,17568,12,375,3,1680661,430,6389
25,26,1,8610,167,273,0,1657441,82,751
14,27,0,419,152,58,0,93873,13,10415
33,38,0,419,19,106,0,380781,29,10849
4,13,0,598,66,21,0,28888,55,7306
10,11,2,10964,225,237,0,5521909,201,775
30,31,0,21495,25,359,0,2563987,651,1162
48,49,0,2503,60,97,0,143815,41,954
44,57,0,598,146,78,0,44223,4,7467
50,52,0,2503,46,79,0,138877,22,2595
17,18,1,21495,40,319,0,3190791,366,625
42,43,1,419,17,188,0,1173187,161,10906
26,29,0,693,75,62,1,155005,25,6935
32,42,43,8610,30,515,9,5296468,341,887
47,51,0,21495,25,346,3,3910160,380,2036
60,62,0,10964,23,199,1,2718643,228,1793
36,37,0,21495,216,508,0,4526124,507,401
11,16,3,598,71,86,0,218921,52,4252
47,49,0,2503,15,181,0,884987,117,1986
27,29,0,598,35,60,0,101327,71,7306
24,27,0,598,22,21,0,33958,50,7306
42,49,0,17568,142,267,6,961072,981,1364
19,21,0,2503,47,63,0,199159,9,4870
39,42,2,21495,9,393,2,7086094,669,2034
18,24,0,10964,54,216,0,2254705,226,2518
0,9,0,38,35,4,0,1382475,3,1308
13,15,0,21495,27,159,0,1329333,136,136
48,51,27,17568,91,292,2,1384638,302,6578
25,26,0,8610,222,273,0,1657441,82,751
22,27,4,2660,178,158,0,1163069,159,8970
2,9,0,38,42,39,0,282527,50,1174
30,35,0,2660,17,152,0,245908,29,7906
26,27,0,693,14,84,0,174452,23,7249
23,24,0,10964,195,398,0,4498975,1263,1026
59,65,0,17568,119,375,3,1680661,430,6389
31,58,0,10964,13,245,26,4690125,1077,1192
22,28,0,8610,13,167,0,2147517,91,2126
22,24,0,693,71,62,0,58154,8,7936
67,68,0,2503,44,208,0,178665,32,607
81,84,0,10964,21,251,2,3670474,495,1699
25,27,0,8610,85,237,1,2391365,254,1797
36,37,4,21495,94,508,0,4526124,507,401
39,40,0,693,73,83,0,173703,34,7985
16,22,1,419,94,40,0,89259,12,10141
29,30,0,2503,25,110,0,505744,68,4860
57,58,3,2503,93,157,0,183015,19,611
25,36,0,419,40,25,0,38090,2,10877
14,27,0,419,6,58,0,93873,13,10415
52,55,0,693,27,64,1,54408,12,8735
16,22,0,419,70,40,0,89259,12,10141
26,29,1,693,105,62,1,155005,25,6935
15,16,0,10964,101,168,0,2441784,145,751
56,59,0,693,45,134,0,608156,83,4001
21,22,3,8610,104,171,0,1491573,99,826
30,31,0,2503,42,125,0,579775,56,947
11,16,0,598,36,86,0,218921,52,4252
6,11,1,17568,76,173,0,826526,170,1657
14,23,0,419,45,34,0,27247,6,9854
30,31,1,2503,83,82,0,140642,18,4646
64,65,0,419,26,79,0,210446,18,11238
18,22,1,17568,67,172,0,828968,227,2528
31,32,0,693,67,121,0,751230,95,6438
21,26,0,419,63,27,0,24461,1,9854
38,40,1,17568,171,147,0,1054515,245,4773
46,49,0,17568,48,207,0,896107,239,4548
94,104,0,2660,58,294,0,2015929,338,8020
53,54,3,17568,331,251,0,1310185,380,5843
59,65,32,17568,30,375,3,1680661,430,6389
28,29,2,21495,16,198,0,1921896,426,2514
12,13,0,10964,64,168,0,5132018,475,1747
12,13,0,10964,57,168,0,5132018,475,1747
19,20,0,2503,74,45,0,273854,10,699
23,24,0,693,106,37,0,86111,3,7173
42,49,3,17568,84,267,6,961072,981,1364
29,38,0,598,45,84,0,332843,96,5360
40,46,0,8610,5,335,0,3428303,174,2082
19,21,0,598,26,28,0,154723,78,6725
1,2,1,38,70,5,0,1382475,1,553
84,89,2,21495,18,552,4,5613108,2095,2036
81,84,1,10964,31,251,2,3670474,495,1699
6,8,0,598,31,30,0,41400,65,7306
44,57,0,598,59,78,0,44223,4,7467
10,11,0,10964,38,237,0,5521909,201,775
12,15,2,2660,78,72,0,290854,74,4863
55,66,0,419,4,50,0,49068,6,10877
48,50,0,17568,111,235,0,962445,310,2943
73,77,0,17568,24,279,1,1156612,233,1657
73,77,0,17568,87,279,1,1156612,233,1657
34,36,2,21495,138,245,1,3253375,527,2043
21,22,1,10964,394,218,0,2302935,163,541
45,46,0,8610,123,191,0,2798227,1397,1207
22,27,1,2660,44,158,0,1163069,159,8970
15,18,1,693,58,39,0,75496,17,5353
39,47,1,2660,15,231,1,1028013,143,7768
40,52,0,419,17,60,0,42097,5,3586
15,18,0,693,112,39,0,75496,17,5353
118,122,1,17568,108,1380,3,12190302,5604,1678
24,27,0,598,43,125,0,1136917,296,1664
20,31,0,598,82,65,0,167114,92,7114
17,24,2,598,46,31,0,34150,6,7509
6,11,0,17568,47,173,0,826526,170,1657
11,12,2,8610,65,216,0,3708670,204,826
34,36,0,21495,9,245,1,3253375,527,2043
44,45,0,21495,54,712,0,1479165,270,423
24,25,2,17568,32,278,0,1050140,672,1125
15,16,2,10964,82,168,0,2441784,145,751
33,34,0,2503,45,106,0,222423,22,4870
19,23,0,598,25,47,0,78612,9,7132
25,26,1,598,167,273,0,1657441,82,751
45,48,0,693,47,65,0,71516,15,8790
17,24,0,598,112,31,0,34150,6,7509
17,21,1,2660,111,126,2,312702,48,8468
22,28,1,8610,51,167,0,2147517,91,2126
16,19,0,21495,70,100,0,1376561,138,1705
18,19,0,8610,61,197,0,1720858,123,826
50,53,1,8610,18,316,2,2524716,382,1797
22,28,1,8610,103,167,0,2147517,91,2126
40,52,0,419,16,60,0,42097,5,3586
73,77,0,17568,58,279,1,1156612,233,1657
50,57,0,2503,36,88,0,188652,27,1986
11,16,0,598,85,86,0,218921,52,4252
24,26,0,419,97,42,0,44509,5,10877
24,26,0,419,44,42,0,44509,5,10877
44,45,0,21495,101,712,0,1479165,270,423
56,59,0,693,33,134,0,608156,83,4001
39,44,0,2503,111,54,0,150795,8,1986
8,14,0,598,24,24,0,36887,42,7089
55,57,1,17568,22,290,1,1404525,294,1685
39,40,0,693,18,146,0,272088,50,7173
3,4,1,2660,102,44,0,234149,31,8132
27,32,0,419,19,24,0,29132,2,10218
31,58,1,10964,196,245,26,4690125,1077,1192
24,27,1,693,72,55,0,58072,12,7173
65,67,0,8610,49,362,0,2968632,314,2766
45,48,0,693,44,65,0,71516,15,8790
118,122,0,17568,215,1380,3,12190302,5604,1678
30,32,1,2660,50,212,1,994904,262,7159
12,13,0,17568,46,229,0,2590584,402,156
23,24,0,693,27,37,0,86111,3,7173
21,26,0,419,77,27,0,24461,1,9854
56,59,0,693,61,134,0,608156,83,4001
66,67,1,21495,16,246,0,2418330,820,1545
0,6,0,38,33,3,0,1382475,260,1115
4,9,0,2660,11,21,0,409421,30,6389
19,23,0,598,55,47,0,78612,9,7132
30,32,0,693,48,70,0,233864,72,6277
1,12,2,419,34,8,0,41280,2,10877
16,19,0,693,25,27,0,66018,10,5353
20,21,0,10964,42,154,0,2714212,215,1948
40,41,1,10964,76,294,0,3318872,2527,1449
59,65,0,17568,30,375,3,1680661,430,6389
36,39,0,419,97,83,0,253379,45,10906
34,35,0,2660,50,80,0,243325,28,8020
30,32,2,2660,91,212,1,994904,262,7159
30,35,2,2660,27,152,0,245908,29,7906
14,27,0,419,107,58,0,93873,13,10415
22,27,0,693,46,82,0,207559,26,7173
6,8,0,598,674,30,0,41400,65,7306
45,46,1,10964,21,191,0,2798227,1397,1207
14,16,0,2503,21,74,0,265541,33,4926
84,89,0,21495,13,552,4,5613108,2095,2036
4,9,1,2660,54,21,0,409421,30,6389
39,49,0,419,44,193,0,1708934,146,10876
0,3,0,38,70,3,0,1382475,260,1115
30,31,0,2503,71,125,0,579775,56,947
28,29,2,21495,39,198,0,1921896,426,2514
18,21,1,598,233,35,0,38870,60,7089
42,48,0,2503,47,104,0,315757,44,4252
21,26,0,419,17,27,0,24461,1,9854
22,29,0,2660,38,88,0,292144,62,8377
38,39,2,8610,49,262,0,1497028,996,1175
47,51,0,21495,68,346,3,3910160,380,2036
0,6,0,38,36,3,0,1382475,260,1115
15,23,1,598,11,32,0,27804,75,6725
8,9,0,8610,47,84,0,1633034,49,782
16,22,0,2660,65,95,1,234474,28,8132
27,32,0,2660,97,120,0,357887,44,8048
103,107,1,21495,45,399,3,1792776,310,1951
42,43,0,2503,81,218,0,1104987,275,1060
38,39,0,8610,51,262,0,1497028,996,1175
22,28,0,8610,38,167,0,2147517,91,2126
45,46,0,10964,128,191,0,2798227,1397,1207
37,40,0,693,42,96,1,253453,33,7936
19,29,0,598,7,34,0,54207,7,2049
110,117,0,2503,2,149,0,314608,338,1475
33,34,0,2503,52,106,0,222423,22,4870
10,16,0,2660,48,75,0,310739,40,9110
39,42,19,10964,25,393,2,7086094,669,2034
60,62,0,10964,46,199,1,2718643,228,1793
13,14,0,10964,97,93,0,2256798,1395,1111
20,21,0,21495,27,247,0,2330119,168,401
9,16,5,598,37,28,0,33035,77,7404
22,27,0,2660,9,158,0,1163069,159,8970
13,15,0,598,75,66,0,311514,89,5599
27,28,0,10964,8,196,0,3183017,226,1929
23,26,0,419,79,32,0,33966,5,10841
14,16,0,2503,8,74,0,265541,33,4926
34,36,1,2503,124,176,0,336606,54,1017
6,11,0,17568,267,173,0,826526,170,1657
22,27,1,2660,37,158,0,1163069,159,8970
66,67,0,2503,48,117,0,275989,163,1434
55,56,9,17568,99,281,0,1478231,259,5843
30,31,1,2503,49,82,0,140642,18,4646
42,43,0,2503,50,218,0,1104987,275,1060
0,9,0,38,27,4,0,1382475,3,1308
8,9,1,8610,93,84,0,1633034,49,782
98,101,1,21495,315,552,2,2049199,111,2036
54,56,1,17568,32,295,0,1338433,198,3188
22,24,2,21495,48,366,1,2267806,211,401
81,84,0,10964,22,251,2,3670474,495,1699
48,49,1,2503,190,97,0,143815,41,954
8,9,0,8610,91,84,0,1633034,49,782
22,23,0,38,96,125,0,2423056,1331,1177
24,28,0,598,44,32,0,50538,57,7306
11,12,0,8610,28,119,0,1381659,86,826
30,31,0,21495,25,359,0,2563987,651,1162
29,32,1,17568,241,175,0,990612,273,3204
23,24,0,693,22,37,0,86111,3,7173
17,20,0,17568,52,152,1,1204637,210,5733
18,24,0,10964,66,216,0,2254705,226,2518
81,84,1,10964,43,251,2,3670474,495,1699
39,49,0,419,37,193,0,1708934,146,10876
22,27,0,693,13,82,0,207559,26,7173
37,40,0,693,43,96,1,253453,33,7936
16,22,0,2660,93,95,1,234474,28,8132
27,28,0,10964,21,196,0,3183017,226,1929
51,52,0,21495,24,360,0,2016243,1267,1162
38,41,1,2660,210,93,0,243794,37,5654
46,49,0,21495,6,375,2,5236229,872,2119
9,16,0,598,14,28,0,33035,77,7404
9,23,0,419,65,47,0,68548,16,9854
0,20,0,38,49,5,0,1382475,260,1160
18,19,0,10964,55,152,0,2401685,59,751
27,29,1,598,232,60,0,101327,71,7306
18,19,0,10964,80,152,0,2401685,59,751
94,104,1,2660,27,294,0,2015929,338,8020
11,25,0,419,22,31,0,34645,3,11011
59,62,0,21495,5,453,0,1377723,100,401
29,34,0,2660,7,100,0,244114,29,7906
28,29,0,10964,36,220,0,2943027,172,973
46,49,0,17568,9,207,0,896107,239,4548
17,21,0,2660,64,126,2,312702,48,8468
48,49,0,2503,42,97,0,143815,41,954
21,33,0,598,111,41,0,34642,7,7369
73,76,0,2503,15,141,0,562484,46,2466
23,24,0,21495,63,382,0,3709414,1885,1162
10,16,1,2660,83,75,0,310739,40,9110
9,12,1,2660,94,58,0,240321,24,8132
30,32,0,2660,27,212,1,994904,262,7159
11,16,1,598,39,86,0,218921,52,4252
110,117,0,2503,63,149,0,314608,338,1475
25,27,0,10964,62,153,0,2542718,168,2217
39,42,0,10964,21,393,2,7086094,669,2034
33,34,0,2503,47,106,0,222423,22,4870
21,26,0,419,77,27,0,24461,1,9854
20,25,0,419,45,28,0,41912,8,10877
54,58,0,693,142,111,0,77481,31,5353
30,33,0,693,193,51,0,70429,18,8948
18,22,0,17568,94,172,0,828968,227,2528
32,35,0,2660,21,85,0,276104,35,7866
45,47,0,10964,45,234,1,2749197,1861,1300
29,34,0,2660,43,100,0,244114,29,7906
17,21,0,2660,187,126,2,312702,48,8468
16,22,0,419,37,40,0,89259,12,10141
53,54,0,21495,74,315,0,1536371,192,853
40,50,0,17568,40,411,7,1221363,153,471
21,22,2,8610,43,171,0,1491573,99,826
11,12,0,8610,49,216,0,3708670,204,826
24,33,0,419,136,22,0,40285,2,9854
31,34,0,17568,146,212,2,848363,144,7055
8,10,1,693,33,34,0,74409,10,5353
33,34,0,693,56,66,0,55269,10,7936
34,35,0,2660,52,80,0,243325,28,8020
20,21,0,10964,46,154,0,2714212,215,1948
37,40,0,693,50,96,1,253453,33,7936
24,27,1,598,226,125,0,1136917,296,1664
26,27,0,693,53,84,0,174452,23,7249
81,84,20,10964,40,251,2,3670474,495,1699
37,39,1,10964,9,138,0,2448942,317,1699
30,38,0,419,20,51,0,42338,8,10601
46,49,0,21495,9,375,2,5236229,872,2119
24,27,0,598,109,21,0,33958,50,7306
19,29,0,598,67,34,0,54207,7,2049
12,13,0,8610,135,104,0,1361667,66,751
30,33,0,693,62,51,0,70429,18,8948
8,14,0,598,5,24,0,36887,42,7089
29,32,1,17568,9,175,0,990612,273,3204
19,20,0,2503,72,45,0,273854,10,699
19,20,1,10964,43,433,0,6490108,740,121
55,57,0,17568,49,290,1,1404525,294,1685
40,50,0,17568,103,411,7,1221363,153,471
20,21,1,10964,86,154,0,2714212,215,1948
26,29,1,2660,46,142,0,600994,128,8132
45,48,0,693,48,65,0,71516,15,8790
64,65,1,419,616,79,0,210446,18,11238
98,101,1,21495,239,552,2,2049199,111,2036
37,42,19,17568,119,399,4,3060005,1027,5683
28,29,4,21495,165,198,0,1921896,426,2514
5,20,0,38,45,6,0,1382475,9,1115
17,18,0,693,250,53,0,66937,10,7173
23,24,0,10964,60,398,0,4498975,1263,1026
5,20,0,38,51,6,0,1382475,9,1115
22,27,0,693,38,82,0,207559,26,7173
21,26,0,419,36,56,0,87650,17,6845
52,55,0,693,33,64,1,54408,12,8735
22,26,0,2660,98,41,0,415789,59,5701
23,24,0,693,205,37,0,86111,3,7173
27,32,0,419,43,24,0,29132,2,10218
10,16,0,598,48,28,0,36933,47,7089
27,32,1,2660,35,120,0,357887,44,8048
8,9,0,8610,96,84,0,1633034,49,782
32,42,0,8610,30,515,9,5296468,341,887
36,40,0,21495,6,363,3,4131701,623,2036
44,45,0,21495,96,712,0,1479165,270,423
21,33,0,598,52,41,0,34642,7,7369
30,32,0,693,44,70,0,233864,72,6277
16,19,1,693,49,27,0,66018,10,5353
33,41,0,8610,31,207,7,1930333,90,566
66,69,0,10964,87,306,2,2875478,342,1699
20,21,2,21495,78,247,0,2330119,168,401
9,16,0,598,64,28,0,33035,77,7404
40,42,0,17568,287,243,0,1365257,610,1565
38,40,1,17568,127,147,0,1054515,245,4773
38,40,0,21495,7,546,1,2377865,1535,1196
11,25,1,419,48,31,0,34645,3,11011
19,29,0,598,196,34,0,54207,7,2049
20,29,0,419,70,66,0,55588,3,9854
38,40,0,21495,6,546,1,2377865,1535,1196
38,39,0,8610,19,262,0,1497028,996,1175
18,21,2,598,80,35,0,38870,60,7089
103,107,0,21495,27,399,3,1792776,310,1951
22,28,0,8610,45,167,0,2147517,91,2126
44,45,0,21495,43,712,0,1479165,270,423
27,28,1,10964,42,196,0,3183017,226,1929
17,21,0,2660,143,126,2,312702,48,8468
6,7,1,2660,412,94,0,413416,81,8132
36,40,0,10964,48,177,2,3274833,547,1699
47,53,4,21495,69,363,5,4222368,861,2036
23,24,0,693,112,37,0,86111,3,7173
26,35,0,598,61,32,0,47306,23,2234
6,11,0,17568,108,173,0,826526,170,1657
26,31,1,598,107,78,0,214830,87,6557
22,26,0,2660,53,41,0,415789,59,5701
18,24,0,10964,111,216,0,2254705,226,2518
73,76,0,2503,29,141,0,562484,46,2466
42,43,0,2503,77,218,0,1104987,275,1060
73,77,0,17568,166,279,1,1156612,233,1657
20,23,1,2660,92,146,0,897768,206,8489
24,29,0,8610,45,195,4,2724546,198,2477
55,56,0,17568,14,281,0,1478231,259,5843
54,58,0,693,39,111,0,77481,31,5353
10,16,1,598,5,28,0,36933,47,7089
35,39,2,8610,79,365,3,3306405,290,826
16,22,0,2660,40,95,1,234474,28,8132
22,24,2,10964,72,258,1,7397166,578,844
0,7,0,38,21,9,0,5594,3,754
19,29,0,598,121,34,0,54207,7,2049
30,32,1,693,42,70,0,233864,72,6277
37,39,1,10964,86,138,0,2448942,317,1699
43,48,0,2503,119,90,0,284677,40,1986
22,26,0,2660,44,41,0,415789,59,5701
10,18,0,2660,21,69,0,265651,35,7481
7,12,0,2503,56,51,4,227520,30,627
20,29,0,419,37,66,0,55588,3,9854
32,42,38,8610,47,515,9,5296468,341,887
38,39,1,21495,38,262,0,1497028,996,1175
38,39,0,21495,45,262,0,1497028,996,1175
36,38,1,693,76,95,0,234938,47,6452
36,49,0,419,35,42,0,65899,6,10141
47,53,2,21495,19,363,5,4222368,861,2036
24,25,0,17568,83,278,0,1050140,672,1125
5,18,0,419,80,20,0,26872,10,9854
0,3,0,38,51,3,0,1382475,260,1115
66,69,11,10964,169,306,2,2875478,342,1699
30,33,0,693,40,51,0,70429,18,8948
35,39,1,8610,31,277,3,3184871,369,1797
33,41,4,8610,116,207,7,1930333,90,566
52,57,0,17568,44,434,4,2640134,407,1727
44,45,0,21495,101,712,0,1479165,270,423
27,29,1,598,46,60,0,101327,71,7306
27,32,0,2660,31,120,0,357887,44,8048
40,41,0,10964,18,294,0,3318872,2527,1449
18,19,0,21495,49,827,0,9407569,949,416
44,46,0,2503,53,76,0,158330,11,1986
17,24,0,598,166,31,0,34150,6,7509
52,54,1,17568,80,297,0,1024521,303,1657
21,24,1,8610,33,257,2,1441789,313,2779
33,36,0,8610,51,335,2,5070070,372,2441
10,11,0,10964,40,237,0,5521909,201,775
34,35,0,2660,116,80,0,243325,28,8020
11,20,0,598,56,36,0,29021,51,7089
27,29,0,2660,37,142,0,589526,94,8179
55,57,40,17568,156,290,1,1404525,294,1685
64,65,1,419,46,79,0,210446,18,11238
14,27,0,419,27,58,0,93873,13,10415
40,50,2,17568,52,411,7,1221363,153,471
50,53,2,8610,110,316,2,2524716,382,1797
24,29,1,8610,45,195,4,2724546,198,2477
22,25,0,21495,25,305,0,1495678,169,129
23,24,0,693,13,60,0,53974,9,7210
21,22,1,10964,52,218,0,2302935,163,541
36,40,1,10964,41,177,2,3274833,547,1699
18,19,0,8610,37,197,0,1720858,123,826
34,36,2,21495,64,245,1,3253375,527,2043
65,67,1,8610,34,362,0,2968632,314,2766
26,29,0,693,15,62,1,155005,25,6935
16,19,0,693,28,27,0,66018,10,5353
42,43,0,10964,20,195,0,3081814,165,2378
29,38,0,598,69,84,0,332843,96,5360
52,57,0,17568,40,434,4,2640134,407,1727
73,76,0,2503,30,141,0,562484,46,2466
66,67,0,2503,7,117,0,275989,163,1434
17,18,0,2503,51,59,0,211688,13,1986
27,28,0,10964,6,196,0,3183017,226,1929
11,14,0,419,16,31,0,32188,260,9854
16,22,0,2660,42,95,1,234474,28,8132
36,40,0,10964,102,177,2,3274833,547,1699
54,58,0,693,122,111,0,77481,31,5353
0,9,0,38,44,4,0,1382475,3,1308
42,43,2,2503,103,218,0,1104987,275,1060
34,36,0,2503,21,176,0,336606,54,1017
33,36,0,8610,60,335,2,5070070,372,2441
20,24,60,17568,17,191,3,1147870,203,2841
22,23,1,38,100,125,0,2423056,1331,1177
28,29,0,21495,28,198,0,1921896,426,2514
7,12,0,2503,119,51,4,227520,30,627
26,31,4,598,57,78,0,214830,87,6557
47,51,8,21495,55,346,3,3910160,380,2036
84,89,0,21495,28,552,4,5613108,2095,2036
22,27,0,693,54,82,0,207559,26,7173
81,84,0,10964,75,251,2,3670474,495,1699
33,34,0,2503,41,106,0,222423,22,4870
25,26,0,17568,56,377,0,1878910,389,191
39,43,0,17568,17,455,3,4139198,785,1664
17,18,1,693,109,53,0,66937,10,7173
24,25,10,17568,339,278,0,1050140,672,1125
30,38,0,419,32,51,0,42338,8,10601
6,7,0,2660,139,94,0,413416,81,8132
26,29,0,2660,29,142,0,600994,128,8132
17,18,1,2503,47,59,0,211688,13,1986
23,24,2,21495,103,382,0,3709414,1885,1162
14,23,0,419,22,34,0,27247,6,9854
19,22,0,2660,148,111,0,383454,65,7917
25,26,0,598,107,273,0,1657441,82,751
47,53,0,21495,93,363,5,4222368,861,2036
47,49,0,2503,55,181,0,884987,117,1986
55,66,0,419,24,50,0,49068,6,10877
7,18,0,419,41,25,0,30890,4,9854
29,36,0,2503,22,43,0,140356,6,2150
22,24,0,21495,165,366,1,2267806,211,401
31,32,0,693,146,121,0,751230,95,6438
24,27,0,693,30,55,0,58072,12,7173
37,39,0,10964,30,138,0,2448942,317,1699
25,26,0,8610,126,273,0,1657441,82,751
25,26,0,8610,69,239,0,1480434,207,2914
14,22,0,2660,148,90,0,403463,54,8132
4,5,3,10964,85,198,0,3452374,173,574
29,36,0,2503,17,43,0,140356,6,2150
19,21,0,2503,101,63,0,199159,9,4870
14,16,1,2503,19,74,0,265541,33,4926
12,13,2,17568,189,229,0,2590584,402,156
19,20,1,10964,42,433,0,6490108,740,121
20,24,1,17568,46,191,3,1147870,203,2841
45,46,1,8610,58,191,0,2798227,1397,1207
53,54,1,8610,108,315,0,1536371,192,853
24,25,1,8610,187,175,0,1691176,204,863
20,23,1,2660,102,146,0,897768,206,8489
34,36,10,21495,89,245,1,3253375,527,2043
5,20,0,38,57,6,0,1382475,9,1115
25,36,0,419,10,25,0,38090,2,10877
39,44,0,2503,42,54,0,150795,8,1986
52,54,1,17568,41,297,0,1024521,303,1657
6,7,2,2660,50,94,0,413416,81,8132
19,22,0,2660,50,111,0,383454,65,7917
48,51,0,17568,48,292,2,1384638,302,6578
20,23,0,2660,89,146,0,897768,206,8489
2,17,0,38,38,6,0,1382475,260,931
44,57,0,598,19,78,0,44223,4,7467
32,35,0,2660,249,85,0,276104,35,7866
24,33,0,419,29,22,0,40285,2,9854
46,49,1,17568,7,207,0,896107,239,4548
20,25,0,419,52,28,0,41912,8,10877
29,32,1,17568,149,175,0,990612,273,3204
9,12,1,2660,25,58,0,240321,24,8132
39,43,2,17568,20,455,3,4139198,785,1664
51,52,1,21495,271,360,0,2016243,1267,1162
40,41,0,10964,101,294,0,3318872,2527,1449
22,29,0,2660,55,88,0,292144,62,8377
14,22,0,2660,35,90,0,403463,54,8132
39,40,0,693,65,83,0,173703,34,7985
20,21,5,21495,47,247,0,2330119,168,401
26,35,1,598,38,32,0,47306,23,2234
24,25,1,17568,95,278,0,1050140,672,1125
30,32,0,693,29,70,0,233864,72,6277
30,32,1,2660,17,212,1,994904,262,7159
7,12,0,2503,27,51,4,227520,30,627
39,44,0,2503,57,54,0,150795,8,1986
20,31,0,598,15,65,0,167114,92,7114
28,29,0,21495,70,198,0,1921896,426,2514
15,16,4,10964,202,168,0,2441784,145,751
30,32,4,2660,53,212,1,994904,262,7159
48,49,0,2503,62,97,0,143815,41,954
0,3,0,38,55,4,0,1382475,260,1582
7,18,0,419,44,25,0,30890,4,9854
39,44,0,2503,42,54,0,150795,8,1986
24,27,0,598,57,21,0,33958,50,7306
16,22,0,2660,21,95,1,234474,28,8132
1,12,0,419,25,8,0,41280,2,10877
18,27,0,693,7,50,0,64483,12,6018
11,20,0,598,37,36,0,29021,51,7089
48,51,1,17568,31,292,2,1384638,302,6578
26,31,0,598,99,78,0,214830,87,6557
21,26,1,693,416,112,1,594125,64,5353
73,77,0,17568,31,279,1,1156612,233,1657
13,15,0,598,40,66,0,311514,89,5599
54,58,0,693,39,111,0,77481,31,5353
22,27,0,2660,61,158,0,1163069,159,8970
24,25,2,8610,59,175,0,1691176,204,863
17,18,1,2503,50,118,0,802089,611,1460
26,29,3,693,93,62,1,155005,25,6935
16,22,1,419,250,40,0,89259,12,10141
37,42,3,17568,45,399,4,3060005,1027,5683
36,40,31,21495,38,363,3,4131701,623,2036
66,67,0,21495,22,246,0,2418330,820,1545
14,23,0,419,38,34,0,27247,6,9854
20,21,0,21495,85,247,0,2330119,168,401
27,28,0,10964,42,196,0,3183017,226,1929
18,19,0,10964,186,152,0,2401685,59,751
52,54,0,17568,65,297,0,1024521,303,1657
34,35,0,2660,30,80,0,243325,28,8020
34,36,0,2503,17,100,0,541196,28,2086
33,36,0,8610,48,335,2,5070070,372,2441
21,22,0,10964,44,218,0,2302935,163,541
8,16,0,598,45,27,0,182769,80,7306
42,43,2,419,36,188,0,1173187,161,10906
18,32,0,419,53,37,0,36710,2,9854
39,44,0,2503,66,54,0,150795,8,1986
39,49,0,419,31,193,0,1708934,146,10876
11,12,0,8610,96,216,0,3708670,204,826
35,39,4,8610,107,365,3,3306405,290,826
26,29,2,2660,87,142,0,600994,128,8132
39,44,0,2503,39,54,0,150795,8,1986
38,41,2,2660,47,93,0,243794,37,5654
20,21,3,21495,96,247,0,2330119,168,401
30,35,0,2660,25,152,0,245908,29,7906
24,25,9,17568,288,278,0,1050140,672,1125
47,49,0,2503,27,181,0,884987,117,1986
48,49,0,2503,96,97,0,143815,41,954
21,26,0,419,31,56,0,87650,17,6845
54,58,0,693,244,111,0,77481,31,5353
43,47,0,419,17,54,0,36616,260,720
31,34,2,17568,21,212,2,848363,144,7055
53,54,0,21495,127,315,0,1536371,192,853
59,62,0,21495,58,453,0,1377723,100,401
21,26,0,419,44,56,0,87650,17,6845
22,24,43,21495,48,366,1,2267806,211,401
39,40,0,693,18,146,0,272088,50,7173
4,5,0,10964,77,198,0,3452374,173,574
53,54,2,17568,116,251,0,1310185,380,5843
18,22,0,17568,61,172,0,828968,227,2528
10,16,0,2660,52,75,0,310739,40,9110
98,101,2,21495,265,552,2,2049199,111,2036
11,12,3,8610,24,119,0,1381659,86,826
13,15,1,598,153,66,0,311514,89,5599
29,30,2,21495,112,356,0,4016170,162,401
36,40,0,10964,62,177,2,3274833,547,1699
60,62,0,10964,33,199,1,2718643,228,1793
15,18,1,693,35,39,0,75496,17,5353
40,46,0,8610,23,335,0,3428303,174,2082
45,48,0,693,49,65,0,71516,15,8790
25,26,4,598,129,273,0,1657441,82,751
20,31,0,598,44,65,0,167114,92,7114
37,40,1,693,45,96,1,253453,33,7936
44,57,1,598,55,78,0,44223,4,7467
24,25,0,8610,115,175,0,1691176,204,863
35,42,0,598,13,48,0,37416,56,7306
24,28,0,598,51,32,0,50538,57,7306
7,12,1,2503,66,51,4,227520,30,627
34,36,3,21495,30,245,1,3253375,527,2043
11,20,0,598,25,36,0,29021,51,7089
110,117,0,2503,29,149,0,314608,338,1475
36,40,1,10964,16,177,2,3274833,547,1699
16,19,2,21495,44,100,0,1376561,138,1705
26,29,0,2660,60,142,0,600994,128,8132
8,10,0,693,54,34,0,74409,10,5353
45,48,0,693,62,65,0,71516,15,8790
23,26,0,419,136,32,0,33966,5,10841
28,30,0,8610,74,277,1,2219708,303,1797
134,137,0,21495,10,714,2,4168155,573,1742
35,36,0,693,56,68,0,82508,18,7936
24,27,0,598,25,125,0,1136917,296,1664
36,39,0,419,42,83,0,253379,45,10906
36,40,0,21495,36,363,3,4131701,623,2036
40,42,0,17568,20,243,0,1365257,610,1565
8,16,0,598,121,27,0,182769,80,7306
25,26,0,598,143,273,0,1657441,82,751
42,43,0,10964,52,195,0,3081814,165,2378
27,29,0,2660,152,142,0,589526,94,8179
19,20,0,693,29,50,0,93670,33,7173
39,40,0,693,196,83,0,173703,34,7985
55,62,4,8610,57,226,4,1891346,94,2074
35,39,6,8610,6,277,3,3184871,369,1797
11,25,0,419,128,31,0,34645,3,11011
34,36,1,2503,32,100,0,541196,28,2086
22,27,0,693,39,82,0,207559,26,7173
19,20,2,2503,67,45,0,273854,10,699
25,36,0,419,102,25,0,38090,2,10877
81,84,0,10964,53,251,2,3670474,495,1699
21,26,1,693,52,112,1,594125,64,5353
30,33,1,693,42,51,0,70429,18,8948
53,54,0,21495,39,315,0,1536371,192,853
25,27,2,8610,326,237,1,2391365,254,1797
2,9,0,38,24,39,0,282527,50,1174
31,58,0,10964,93,245,26,4690125,1077,1192
11,14,1,419,123,31,0,32188,260,9854
26,27,0,693,36,84,0,174452,23,7249
24,27,0,598,140,125,0,1136917,296,1664
50,52,0,2503,3,79,0,138877,22,2595
98,101,0,21495,25,552,2,2049199,111,2036
18,24,1,10964,52,216,0,2254705,226,2518
18,19,0,21495,53,827,0,9407569,949,416
23,24,0,693,36,37,0,86111,3,7173
13,15,0,21495,40,159,0,1329333,136,136
14,22,0,2660,107,90,0,403463,54,8132
14,23,0,419,87,34,0,27247,6,9854
24,27,1,598,37,125,0,1136917,296,1664
4,13,0,598,128,21,0,28888,55,7306
12,16,0,21495,145,235,3,3212355,190,401
53,55,0,17568,9,322,0,1121576,254,2784
64,65,0,419,28,79,0,210446,18,11238
10,11,0,10964,58,237,0,5521909,201,775
30,33,0,693,49,51,0,70429,18,8948
40,41,0,10964,86,294,0,3318872,2527,1449
39,40,0,693,54,146,0,272088,50,7173
38,39,0,21495,30,262,0,1497028,996,1175
11,25,0,419,100,31,0,34645,3,11011
26,31,0,598,47,78,0,214830,87,6557
33,36,0,8610,33,335,2,5070070,372,2441
32,42,17,8610,20,515,9,5296468,341,887
19,21,0,598,89,28,0,154723,78,6725
53,54,0,17568,63,251,0,1310185,380,5843
19,20,0,10964,37,433,0,6490108,740,121
44,46,0,2503,26,76,0,158330,11,1986
16,17,0,2503,48,79,0,590497,90,1905
64,65,1,419,41,79,0,210446,18,11238
13,15,9,21495,79,159,0,1329333,136,136
19,20,0,10964,79,433,0,6490108,740,121
59,62,0,21495,57,453,0,1377723,100,401
45,47,0,10964,21,234,1,2749197,1861,1300
44,46,0,2503,40,76,0,158330,11,1986
12,13,0,8610,68,104,0,1361667,66,751
36,49,0,419,32,42,0,65899,6,10141
26,29,0,693,303,62,1,155005,25,6935
10,18,0,2660,304,69,0,265651,35,7481
55,57,3,17568,55,290,1,1404525,294,1685
22,24,0,693,116,62,0,58154,8,7936
12,13,0,10964,74,168,0,5132018,475,1747
20,21,1,21495,20,247,0,2330119,168,401
22,27,0,693,44,82,0,207559,26,7173
23,26,1,419,252,32,0,33966,5,10841
25,26,0,8610,42,273,0,1657441,82,751
110,117,0,2503,33,149,0,314608,338,1475
31,58,0,10964,45,245,26,4690125,1077,1192
28,29,0,10964,86,220,0,2943027,172,973
26,31,0,598,61,78,0,214830,87,6557
11,14,0,419,46,31,0,32188,260,9854
39,49,1,419,41,193,0,1708934,146,10876
5,20,0,38,98,6,0,1382475,9,1115
11,12,4,8610,88,119,0,1381659,86,826
20,21,1,10964,59,154,0,2714212,215,1948
43,45,0,2503,46,114,0,335010,38,3575
5,18,0,419,25,20,0,26872,10,9854
32,42,21,8610,45,515,9,5296468,341,887
23,24,0,10964,78,398,0,4498975,1263,1026
2,9,0,38,79,39,0,282527,50,1174
54,56,0,17568,18,295,0,1338433,198,3188
42,43,0,2503,43,218,0,1104987,275,1060
19,22,0,2660,58,111,0,383454,65,7917
10,16,0,598,50,28,0,36933,47,7089
13,18,3,693,151,95,0,932378,84,5367
12,15,1,2660,39,72,0,290854,74,4863
34,36,0,2503,47,100,0,541196,28,2086
54,56,1,17568,53,295,0,1338433,198,3188
39,44,0,2503,114,54,0,150795,8,1986
14,27,0,419,69,58,0,93873,13,10415
42,48,0,2503,54,104,0,315757,44,4252
0,6,0,38,42,3,0,1382475,260,1115
42,43,0,10964,37,195,0,3081814,165,2378
22,26,0,2660,297,41,0,415789,59,5701
24,29,1,8610,19,195,4,2724546,198,2477
37,39,1,10964,49,138,0,2448942,317,1699
29,38,1,598,46,84,0,332843,96,5360
10,16,1,2660,28,75,0,310739,40,9110
16,17,0,2503,25,79,0,590497,90,1905
9,10,0,10964,184,252,0,6148182,583,1030
23,24,0,693,18,60,0,53974,9,7210
9,12,1,2660,16,58,0,240321,24,8132
9,16,0,598,52,28,0,33035,77,7404
29,30,0,2503,39,110,0,505744,68,4860
19,21,0,598,21,28,0,154723,78,6725
40,52,0,419,45,60,0,42097,5,3586
26,28,0,2660,69,128,0,323029,54,8132
29,34,0,2660,13,100,0,244114,29,7906
29,34,0,2660,64,100,0,244114,29,7906
6,12,0,598,53,58,0,200216,107,7320
19,22,0,2660,59,111,0,383454,65,7917
38,41,0,2660,51,93,0,243794,37,5654
18,24,0,10964,32,216,0,2254705,226,2518
21,24,0,8610,37,257,2,1441789,313,2779
81,84,0,10964,16,251,2,3670474,495,1699
134,137,1,21495,21,714,2,4168155,573,1742
17,24,0,598,21,31,0,34150,6,7509
30,33,0,693,41,51,0,70429,18,8948
30,38,0,419,113,51,0,42338,8,10601
98,101,3,21495,163,552,2,2049199,111,2036
53,54,0,17568,17,251,0,1310185,380,5843
36,39,0,419,82,83,0,253379,45,10906
36,39,0,419,26,83,0,253379,45,10906
11,25,1,419,43,31,0,34645,3,11011
42,43,0,2503,15,218,0,1104987,275,1060
36,40,0,10964,63,177,2,3274833,547,1699
47,49,0,2503,50,181,0,884987,117,1986
26,35,0,598,36,32,0,47306,23,2234
27,29,0,2660,52,142,0,589526,94,8179
18,19,0,8610,82,197,0,1720858,123,826
28,29,0,10964,165,220,0,2943027,172,973
7,12,0,2503,62,51,4,227520,30,627
18,19,3,10964,45,152,0,2401685,59,751
22,23,1,38,113,125,0,2423056,1331,1177
64,65,2,419,26,79,0,210446,18,11238
18,22,2,17568,72,172,0,828968,227,2528
29,36,0,2503,34,43,0,140356,6,2150
50,57,0,2503,40,88,0,188652,27,1986
37,38,0,8610,137,200,0,3050327,2699,1346
17,18,0,693,43,53,0,66937,10,7173
13,15,0,598,97,66,0,311514,89,5599
17,18,2,693,206,53,0,66937,10,7173
16,17,0,2503,51,79,0,590497,90,1905
47,51,0,10964,49,346,3,3910160,380,2036
17,19,0,2660,168,70,0,381218,80,5309
11,12,1,8610,21,119,0,1381659,86,826
26,37,0,598,36,34,0,80238,12,4252
21,26,0,693,45,112,1,594125,64,5353
17,18,11,21495,188,319,0,3190791,366,625
66,67,0,21495,19,246,0,2418330,820,1545
106,107,0,17568,42,536,0,1719362,521,1657
43,47,0,419,41,54,0,36616,260,720
43,48,0,2503,15,90,0,284677,40,1986
38,39,0,8610,45,262,0,1497028,996,1175
29,38,0,598,9,84,0,332843,96,5360
17,18,0,2503,30,118,0,802089,611,1460
42,43,0,17568,80,208,0,1014403,226,7051
30,31,0,2503,69,125,0,579775,56,947
39,47,0,2660,54,231,1,1028013,143,7768
67,68,1,2503,129,208,0,178665,32,607
11,12,0,8610,179,216,0,3708670,204,826
50,53,0,8610,21,316,2,2524716,382,1797
3,4,0,2660,25,44,0,234149,31,8132
24,29,0,8610,16,195,4,2724546,198,2477
35,36,1,693,14,68,0,82508,18,7936
43,48,0,2503,103,90,0,284677,40,1986
12,16,0,21495,25,235,3,3212355,190,401
31,32,0,693,105,121,0,751230,95,6438
29,32,0,17568,68,175,0,990612,273,3204
4,13,2,598,105,21,0,28888,55,7306
4,5,0,2660,67,28,0,238966,40,6775
11,12,0,8610,62,119,0,1381659,86,826
19,29,0,598,48,34,0,54207,7,2049
57,58,0,2503,45,157,0,183015,19,611
38,39,0,21495,55,262,0,1497028,996,1175
36,40,0,10964,59,177,2,3274833,547,1699
28,30,2,8610,36,277,1,2219708,303,1797
30,35,0,2660,64,152,0,245908,29,7906
35,39,0,8610,124,365,3,3306405,290,826
23,26,0,419,11,32,0,33966,5,10841
31,34,1,17568,55,212,2,848363,144,7055
4,9,0,2660,26,21,0,409421,30,6389
35,36,0,693,27,68,0,82508,18,7936
9,23,0,419,18,47,0,68548,16,9854
8,10,0,693,54,34,0,74409,10,5353
13,14,0,10964,52,93,0,2256798,1395,1111
4,13,0,598,240,21,0,28888,55,7306
25,26,3,8610,69,239,0,1480434,207,2914
53,54,0,8610,127,315,0,1536371,192,853
38,39,1,21495,196,262,0,1497028,996,1175
16,17,2,2503,40,79,0,590497,90,1905
52,55,0,693,49,64,1,54408,12,8735
44,45,1,21495,43,712,0,1479165,270,423
40,46,0,8610,13,335,0,3428303,174,2082
9,16,0,598,47,28,0,33035,77,7404
51,52,0,2503,34,151,0,698013,73,2466
36,37,9,21495,49,508,0,4526124,507,401
44,57,0,598,21,78,0,44223,4,7467
28,30,0,8610,36,277,1,2219708,303,1797
6,8,0,598,203,30,0,41400,65,7306
51,52,1,2503,35,151,0,698013,73,2466
22,35,1,10964,88,149,12,2449361,452,1192
18,24,1,10964,47,216,0,2254705,226,2518
34,36,0,2503,35,100,0,541196,28,2086
50,52,0,2503,40,79,0,138877,22,2595
20,24,0,17568,49,191,3,1147870,203,2841
18,19,0,8610,40,156,0,1385859,89,826
55,56,0,17568,17,281,0,1478231,259,5843
73,77,0,17568,59,279,1,1156612,233,1657
31,32,0,693,37,121,0,751230,95,6438
39,43,2,17568,90,455,3,4139198,785,1664
30,38,0,419,38,51,0,42338,8,10601
17,18,0,2503,38,118,0,802089,611,1460
20,21,1,10964,64,154,0,2714212,215,1948
17,21,0,2660,50,126,2,312702,48,8468
29,30,0,2503,18,110,0,505744,68,4860
66,67,0,21495,6,246,0,2418330,820,1545
27,32,0,419,5,24,0,29132,2,10218
22,25,0,21495,33,305,0,1495678,169,129
20,24,0,17568,17,191,3,1147870,203,2841
35,42,2,598,14,48,0,37416,56,7306
26,29,0,693,54,62,1,155005,25,6935
40,41,0,10964,108,294,0,3318872,2527,1449
30,32,0,693,27,70,0,233864,72,6277
55,66,0,419,37,50,0,49068,6,10877
38,41,0,2660,52,93,0,243794,37,5654
45,46,0,8610,19,191,0,2798227,1397,1207
5,18,0,419,68,20,0,26872,10,9854
2,17,0,38,30,6,0,1382475,260,931
39,47,0,2660,7,231,1,1028013,143,7768
16,19,0,21495,21,100,0,1376561,138,1705
26,35,0,598,43,32,0,47306,23,2234
22,35,0,10964,9,149,12,2449361,452,1192
8,10,0,693,34,34,0,74409,10,5353
21,24,2,8610,106,257,2,1441789,313,2779
29,30,2,21495,27,356,0,4016170,162,401
22,25,0,21495,12,305,0,1495678,169,129
2,17,0,38,28,6,0,1382475,260,931
25,36,1,419,85,25,0,38090,2,10877
38,40,3,17568,120,147,0,1054515,245,4773
12,13,0,10964,34,168,0,5132018,475,1747
22,24,0,21495,189,366,1,2267806,211,401
25,27,0,10964,40,153,0,2542718,168,2217
17,18,5,21495,261,319,0,3190791,366,625
81,84,11,10964,35,251,2,3670474,495,1699
26,27,0,693,125,84,0,174452,23,7249
12,13,0,8610,66,104,0,1361667,66,751
15,23,0,598,80,32,0,27804,75,6725
12,13,2,8610,175,104,0,1361667,66,751
27,28,0,10964,9,196,0,3183017,226,1929
25,26,0,17568,158,377,0,1878910,389,191
20,29,0,419,149,66,0,55588,3,9854
66,67,1,2503,36,117,0,275989,163,1434
22,41,0,419,39,30,0,29649,3,10877
47,49,0,2503,53,181,0,884987,117,1986
25,27,0,10964,82,153,0,2542718,168,2217
24,27,0,598,54,21,0,33958,50,7306
66,67,0,21495,36,246,0,2418330,820,1545
25,26,3,17568,201,377,0,1878910,389,191
41,49,0,693,56,63,0,57364,6,7936
13,15,0,21495,74,159,0,1329333,136,136
11,25,1,419,97,31,0,34645,3,11011
27,29,0,2660,36,142,0,589526,94,8179
17,20,0,17568,32,152,1,1204637,210,5733
47,51,0,21495,38,346,3,3910160,380,2036
55,57,40,17568,156,290,1,1404525,294,1685
11,14,3,419,33,31,0,32188,260,9854
27,32,0,2660,43,120,0,357887,44,8048
5,18,0,419,31,20,0,26872,10,9854
39,44,0,2503,25,54,0,150795,8,1986
23,24,0,693,51,60,0,53974,9,7210
55,66,0,419,83,50,0,49068,6,10877
55,57,7,17568,156,290,1,1404525,294,1685
13,15,1,598,32,66,0,311514,89,5599
13,18,1,693,88,95,0,932378,84,5367
39,42,0,21495,38,393,2,7086094,669,2034
43,45,0,2503,39,114,0,335010,38,3575
54,56,0,17568,79,295,0,1338433,198,3188
40,41,1,10964,93,294,0,3318872,2527,1449
18,21,1,598,58,35,0,38870,60,7089
55,56,1,2660,71,370,0,1318014,525,1162
30,38,0,419,91,51,0,42338,8,10601
27,32,0,2660,41,120,0,357887,44,8048
35,39,0,8610,12,277,3,3184871,369,1797
17,20,0,17568,82,152,1,1204637,210,5733
42,43,0,10964,47,195,0,3081814,165,2378
51,52,1,21495,87,360,0,2016243,1267,1162
36,37,0,21495,45,508,0,4526124,507,401
30,31,1,2503,49,82,0,140642,18,4646
48,51,1,17568,31,292,2,1384638,302,6578
22,23,0,8610,43,127,0,1558247,50,826
4,13,0,598,111,21,0,28888,55,7306
17,19,1,2660,283,70,0,381218,80,5309
53,54,0,17568,41,251,0,1310185,380,5843
62,69,22,8610,48,372,6,6159849,319,2238
8,16,0,598,80,27,0,182769,80,7306
11,14,0,419,142,31,0,32188,260,9854
22,26,1,2660,103,41,0,415789,59,5701
29,38,0,598,4,84,0,332843,96,5360
9,12,0,2660,47,58,0,240321,24,8132
29,38,0,598,9,84,0,332843,96,5360
24,25,0,8610,37,175,0,1691176,204,863
24,27,0,693,28,55,0,58072,12,7173
5,18,0,419,67,20,0,26872,10,9854
20,24,1,17568,50,191,3,1147870,203,2841
2,17,0,38,46,6,0,1382475,260,931
50,53,0,8610,103,316,2,2524716,382,1797
24,29,1,8610,19,195,4,2724546,198,2477
53,55,0,17568,39,322,0,1121576,254,2784
56,59,0,693,17,134,0,608156,83,4001
37,40,1,693,107,96,1,253453,33,7936
11,12,0,8610,261,216,0,3708670,204,826
20,24,0,17568,54,191,3,1147870,203,2841
84,89,1,21495,7,552,4,5613108,2095,2036
26,27,0,693,1045,84,0,174452,23,7249
18,32,0,419,71,37,0,36710,2,9854
65,67,2,8610,94,362,0,2968632,314,2766
10,16,0,598,14,28,0,36933,47,7089
18,19,1,8610,32,156,0,1385859,89,826
98,101,2,21495,98,552,2,2049199,111,2036
110,117,0,2503,10,149,0,314608,338,1475
27,32,0,2660,55,120,0,357887,44,8048
17,24,0,598,30,31,0,34150,6,7509
20,21,1,21495,134,247,0,2330119,168,401
8,9,0,8610,102,84,0,1633034,49,782
18,19,0,21495,668,827,0,9407569,949,416
21,22,0,10964,57,218,0,2302935,163,541
19,21,0,598,74,28,0,154723,78,6725
1,12,0,419,36,8,0,41280,2,10877
30,32,1,2660,20,212,1,994904,262,7159
42,48,0,2503,117,104,0,315757,44,4252
30,32,0,2660,59,212,1,994904,262,7159
27,29,0,598,155,60,0,101327,71,7306
27,29,0,2660,50,142,0,589526,94,8179
23,26,0,419,62,32,0,33966,5,10841
39,40,0,693,60,83,0,173703,34,7985
0,7,0,38,45,9,0,5594,3,754
110,117,0,2503,42,149,0,314608,338,1475
42,43,0,2503,63,218,0,1104987,275,1060
43,47,0,419,34,54,0,36616,260,720
45,48,1,693,45,65,0,71516,15,8790
45,46,0,10964,94,191,0,2798227,1397,1207
31,34,26,17568,146,212,2,848363,144,7055
16,19,2,21495,29,100,0,1376561,138,1705
20,31,0,598,7,65,0,167114,92,7114
26,28,1,2660,163,128,0,323029,54,8132
81,84,0,10964,26,251,2,3670474,495,1699
17,20,1,17568,33,152,1,1204637,210,5733
16,22,4,2660,23,95,1,234474,28,8132
26,37,0,598,45,34,0,80238,12,4252
25,26,1,17568,66,377,0,1878910,389,191
29,32,2,17568,103,175,0,990612,273,3204
21,24,0,8610,52,257,2,1441789,313,2779
19,20,0,10964,95,433,0,6490108,740,121
16,22,0,2660,47,95,1,234474,28,8132
27,29,0,2660,42,142,0,589526,94,8179
55,56,0,2660,22,370,0,1318014,525,1162
29,34,2,2660,40,100,0,244114,29,7906
55,62,0,8610,35,226,4,1891346,94,2074
38,40,0,17568,76,147,0,1054515,245,4773
11,20,0,598,52,36,0,29021,51,7089
41,49,0,693,105,63,0,57364,6,7936
13,15,1,21495,83,159,0,1329333,136,136
24,28,1,598,39,32,0,50538,57,7306
6,12,0,598,17,58,0,200216,107,7320
15,23,1,598,72,32,0,27804,75,6725
24,27,0,598,48,21,0,33958,50,7306
50,53,9,8610,22,316,2,2524716,382,1797
35,39,0,8610,24,277,3,3184871,369,1797
22,25,2,21495,54,305,0,1495678,169,129
6,8,0,598,192,30,0,41400,65,7306
18,32,1,419,44,37,0,36710,2,9854
44,46,0,2503,44,76,0,158330,11,1986
22,27,0,693,18,82,0,207559,26,7173
16,22,2,419,91,40,0,89259,12,10141
35,39,2,8610,120,277,3,3184871,369,1797
15,18,0,693,303,39,0,75496,17,5353
21,26,0,693,21,112,1,594125,64,5353
20,24,2,17568,175,191,3,1147870,203,2841
38,41,1,2660,93,93,0,243794,37,5654
10,11,0,10964,85,237,0,5521909,201,775
37,39,0,10964,13,138,0,2448942,317,1699
50,52,0,2503,72,79,0,138877,22,2595
10,16,1,598,6,28,0,36933,47,7089
42,43,0,17568,41,208,0,1014403,226,7051
6,12,0,598,25,58,0,200216,107,7320
24,27,0,693,147,55,0,58072,12,7173
18,19,0,21495,122,827,0,9407569,949,416
24,28,0,598,44,32,0,50538,57,7306
36,39,0,419,51,83,0,253379,45,10906
33,38,1,419,125,106,0,380781,29,10849
40,41,1,10964,23,294,0,3318872,2527,1449
22,35,0,10964,110,149,12,2449361,452,1192
106,107,1,17568,64,536,0,1719362,521,1657
39,42,1,10964,31,393,2,7086094,669,2034
65,67,0,8610,22,362,0,2968632,314,2766
16,19,0,21495,25,100,0,1376561,138,1705
37,42,0,17568,67,399,4,3060005,1027,5683
7,12,3,2503,11,51,4,227520,30,627
45,47,0,10964,113,234,1,2749197,1861,1300
42,43,6,419,25,188,0,1173187,161,10906
21,26,0,419,73,27,0,24461,1,9854
36,39,0,419,99,83,0,253379,45,10906
73,77,1,17568,25,279,1,1156612,233,1657
25,26,1,8610,9,239,0,1480434,207,2914
34,36,0,21495,21,245,1,3253375,527,2043
53,54,0,8610,74,315,0,1536371,192,853
0,20,0,38,25,5,0,1382475,260,1160
39,42,19,21495,25,393,2,7086094,669,2034
19,21,0,2503,40,63,0,199159,9,4870
55,56,0,2660,435,370,0,1318014,525,1162
33,41,0,8610,58,207,7,1930333,90,566
25,27,6,8610,119,237,1,2391365,254,1797
18,19,0,8610,62,197,0,1720858,123,826
20,21,0,21495,39,247,0,2330119,168,401
40,52,0,419,74,60,0,42097,5,3586
50,53,0,8610,26,316,2,2524716,382,1797
44,46,0,2503,25,76,0,158330,11,1986
11,20,0,598,5,36,0,29021,51,7089
19,20,0,693,8,50,0,93670,33,7173
38,39,0,21495,51,262,0,1497028,996,1175
118,122,0,17568,8,1380,3,12190302,5604,1678
24,33,0,419,24,22,0,40285,2,9854
42,48,1,2503,88,104,0,315757,44,4252
103,107,1,21495,41,399,3,1792776,310,1951
36,38,0,693,35,95,0,234938,47,6452
33,38,0,419,26,106,0,380781,29,10849
50,57,2,2503,56,88,0,188652,27,1986
20,21,0,10964,33,154,0,2714212,215,1948
22,35,2,10964,170,149,12,2449361,452,1192
46,49,0,17568,126,207,0,896107,239,4548
52,57,26,17568,32,434,4,2640134,407,1727
51,52,3,2503,22,151,0,698013,73,2466
10,16,0,598,48,28,0,36933,47,7089
26,28,1,2660,34,128,0,323029,54,8132
24,29,1,8610,19,195,4,2724546,198,2477
21,26,0,419,25,56,0,87650,17,6845
36,38,0,693,31,95,0,234938,47,6452
0,20,0,38,59,5,0,1382475,260,1160
20,24,2,17568,113,191,3,1147870,203,2841
42,48,1,2503,40,104,0,315757,44,4252
23,24,0,21495,24,382,0,3709414,1885,1162
52,55,0,693,45,64,1,54408,12,8735
42,43,2,419,35,188,0,1173187,161,10906
17,18,3,693,42,53,0,66937,10,7173
4,5,8,2660,72,28,0,238966,40,6775
21,26,0,419,16,56,0,87650,17,6845
40,46,0,8610,17,335,0,3428303,174,2082
11,12,0,8610,49,216,0,3708670,204,826
28,30,1,8610,64,277,1,2219708,303,1797
2,9,0,38,34,39,0,282527,50,1174
0,7,0,38,19,9,0,5594,3,754
24,25,0,17568,68,278,0,1050140,672,1125
42,43,1,17568,65,208,0,1014403,226,7051
37,42,58,17568,107,399,4,3060005,1027,5683
22,23,0,8610,9,127,0,1558247,50,826
33,38,0,419,45,106,0,380781,29,10849
134,137,2,21495,29,714,2,4168155,573,1742
13,14,0,10964,204,93,0,2256798,1395,1111
15,23,1,598,90,32,0,27804,75,6725
22,24,0,10964,30,258,1,7397166,578,844
30,31,1,21495,25,359,0,2563987,651,1162
35,39,0,8610,107,365,3,3306405,290,826
24,29,0,8610,45,195,4,2724546,198,2477
40,41,1,10964,46,294,0,3318872,2527,1449
46,49,0,17568,31,207,0,896107,239,4548
46,49,0,21495,36,375,2,5236229,872,2119
47,51,0,10964,38,346,3,3910160,380,2036
27,32,0,419,23,24,0,29132,2,10218
33,38,0,419,44,106,0,380781,29,10849
56,59,0,693,49,134,0,608156,83,4001
34,36,2,2503,23,176,0,336606,54,1017
25,26,0,17568,59,377,0,1878910,389,191
18,27,0,693,156,50,0,64483,12,6018
36,38,0,693,54,95,0,234938,47,6452
36,37,1,21495,96,508,0,4526124,507,401
18,19,0,10964,146,152,0,2401685,59,751
0,5,0,38,40,3,0,6552,12,1746
29,36,0,2503,36,43,0,140356,6,2150
31,58,0,10964,79,245,26,4690125,1077,1192
53,55,0,17568,38,322,0,1121576,254,2784
23,24,0,21495,54,382,0,3709414,1885,1162
37,42,0,17568,78,399,4,3060005,1027,5683
66,69,0,10964,74,306,2,2875478,342,1699
55,57,0,17568,48,290,1,1404525,294,1685
19,20,0,2503,69,45,0,273854,10,699
118,122,155,17568,81,1380,3,12190302,5604,1678
47,51,0,10964,25,346,3,3910160,380,2036
25,26,4,8610,129,273,0,1657441,82,751
37,38,0,8610,50,200,0,3050327,2699,1346
73,76,0,2503,24,141,0,562484,46,2466
21,24,6,8610,7,257,2,1441789,313,2779
33,34,1,693,62,66,0,55269,10,7936
0,3,0,38,47,4,0,1382475,260,1582
35,36,0,693,70,68,0,82508,18,7936
45,48,3,693,91,65,0,71516,15,8790
9,16,0,598,84,28,0,33035,77,7404
36,40,0,21495,39,363,3,4131701,623,2036
21,26,1,693,88,112,1,594125,64,5353
5,18,0,419,68,20,0,26872,10,9854
17,20,0,17568,83,152,1,1204637,210,5733
14,27,0,419,178,58,0,93873,13,10415
29,30,0,21495,117,356,0,4016170,162,401
25,26,0,17568,91,377,0,1878910,389,191
42,49,0,17568,40,267,6,961072,981,1364
22,35,0,10964,50,149,12,2449361,452,1192
52,57,0,17568,75,434,4,2640134,407,1727
67,68,0,2503,87,208,0,178665,32,607
34,36,2,2503,207,176,0,336606,54,1017
18,19,0,8610,52,197,0,1720858,123,826
18,27,0,693,112,50,0,64483,12,6018
38,41,0,2660,107,93,0,243794,37,5654
29,32,2,17568,161,175,0,990612,273,3204
22,28,0,8610,66,167,0,2147517,91,2126
22,28,0,8610,33,167,0,2147517,91,2126
17,21,0,2660,54,126,2,312702,48,8468
9,23,0,419,139,47,0,68548,16,9854
37,42,4,17568,43,399,4,3060005,1027,5683
31,34,1,17568,164,212,2,848363,144,7055
38,40,0,17568,17,147,0,1054515,245,4773
40,50,0,17568,169,411,7,1221363,153,471
36,39,0,419,53,83,0,253379,45,10906
11,12,3,8610,119,216,0,3708670,204,826
40,52,0,419,44,60,0,42097,5,3586
42,49,0,17568,142,267,6,961072,981,1364
26,35,0,598,41,32,0,47306,23,2234
38,40,0,17568,62,147,0,1054515,245,4773
36,37,0,21495,156,508,0,4526124,507,401
66,69,0,10964,148,306,2,2875478,342,1699
42,48,0,2503,52,104,0,315757,44,4252
55,56,1,2660,176,370,0,1318014,525,1162
21,26,0,419,11,56,0,87650,17,6845
59,65,42,17568,118,375,3,1680661,430,6389
21,33,0,598,40,41,0,34642,7,7369
73,77,2,17568,53,279,1,1156612,233,1657
22,27,1,2660,53,158,0,1163069,159,8970
39,40,2,693,42,83,0,173703,34,7985
47,51,0,21495,49,346,3,3910160,380,2036
14,22,0,2660,107,90,0,403463,54,8132
53,55,3,17568,43,322,0,1121576,254,2784
24,33,0,419,20,22,0,40285,2,9854
103,107,0,21495,44,399,3,1792776,310,1951
66,69,0,10964,20,306,2,2875478,342,1699
18,24,2,10964,18,216,0,2254705,226,2518
38,39,1,8610,196,262,0,1497028,996,1175
8,9,0,8610,48,84,0,1633034,49,782
18,19,1,8610,70,156,0,1385859,89,826
42,43,0,17568,55,208,0,1014403,226,7051
98,101,0,21495,8,552,2,2049199,111,2036
26,35,0,598,79,32,0,47306,23,2234
28,29,1,21495,36,198,0,1921896,426,2514
20,31,4,598,34,65,0,167114,92,7114
0,20,0,38,36,5,0,1382475,260,1160
17,19,2,2660,289,70,0,381218,80,5309
22,24,0,693,68,62,0,58154,8,7936
12,15,0,2660,51,72,0,290854,74,4863
23,24,0,693,35,37,0,86111,3,7173
38,40,1,21495,92,546,1,2377865,1535,1196
98,101,3,21495,109,552,2,2049199,111,2036
40,52,1,419,4,60,0,42097,5,3586
36,38,1,693,108,95,0,234938,47,6452
22,25,1,21495,65,305,0,1495678,169,129
24,26,2,419,68,42,0,44509,5,10877
14,16,0,2503,17,74,0,265541,33,4926
35,42,0,598,28,48,0,37416,56,7306
29,30,11,21495,31,356,0,4016170,162,401
28,29,0,10964,68,220,0,2943027,172,973
29,36,0,2503,26,43,0,140356,6,2150
40,52,0,419,15,60,0,42097,5,3586
41,49,0,693,21,63,0,57364,6,7936
55,56,12,2660,156,370,0,1318014,525,1162
35,39,0,8610,30,365,3,3306405,290,826
33,34,0,693,49,66,0,55269,10,7936
7,8,1,10964,116,220,0,2378626,165,428
24,27,0,693,93,55,0,58072,12,7173
16,19,0,21495,25,100,0,1376561,138,1705
30,32,0,2660,15,212,1,994904,262,7159
17,24,0,598,137,31,0,34150,6,7509
14,27,0,419,57,58,0,93873,13,10415
73,76,2,2503,36,141,0,562484,46,2466
21,26,1,419,27,27,0,24461,1,9854
34,36,4,2503,179,176,0,336606,54,1017
16,19,0,21495,30,100,0,1376561,138,1705
48,50,0,17568,29,235,0,962445,310,2943
27,29,0,598,55,60,0,101327,71,7306
1,12,1,419,40,8,0,41280,2,10877
26,28,0,2660,27,128,0,323029,54,8132
11,16,0,598,41,86,0,218921,52,4252
23,24,0,693,115,60,0,53974,9,7210
1,12,1,419,36,8,0,41280,2,10877
30,31,0,2503,104,82,0,140642,18,4646
17,18,0,2503,55,59,0,211688,13,1986
45,48,0,693,63,65,0,71516,15,8790
19,29,0,598,49,34,0,54207,7,2049
11,14,2,419,77,31,0,32188,260,9854
25,36,0,419,16,25,0,38090,2,10877
22,27,0,693,127,82,0,207559,26,7173
17,19,0,2660,41,70,0,381218,80,5309
36,39,0,419,84,83,0,253379,45,10906
29,30,0,2503,54,110,0,505744,68,4860
25,26,3,8610,27,239,0,1480434,207,2914
39,40,0,693,21,83,0,173703,34,7985
106,107,4,17568,30,536,0,1719362,521,1657
9,16,1,598,52,28,0,33035,77,7404
24,33,1,419,27,22,0,40285,2,9854
32,35,0,2660,24,85,0,276104,35,7866
29,32,1,17568,24,175,0,990612,273,3204
31,58,1,10964,55,245,26,4690125,1077,1192
27,28,0,10964,8,196,0,3183017,226,1929
67,68,0,2503,32,208,0,178665,32,607
21,24,0,8610,270,257,2,1441789,313,2779
38,41,0,2660,11,93,0,243794,37,5654
51,52,0,2503,7,151,0,698013,73,2466
48,50,3,17568,116,235,0,962445,310,2943
32,42,0,8610,29,515,9,5296468,341,887
9,23,0,419,105,47,0,68548,16,9854
33,41,0,8610,78,207,7,1930333,90,566
64,65,0,419,32,79,0,210446,18,11238
10,11,1,10964,58,237,0,5521909,201,775
52,55,0,693,70,64,1,54408,12,8735
51,52,4,21495,189,360,0,2016243,1267,1162
33,34,0,693,50,66,0,55269,10,7936
25,27,0,10964,92,153,0,2542718,168,2217
30,32,0,693,6,70,0,233864,72,6277
34,36,1,2503,96,176,0,336606,54,1017
30,31,0,2503,36,82,0,140642,18,4646
13,15,6,21495,266,159,0,1329333,136,136
11,16,0,598,337,86,0,218921,52,4252
28,30,0,8610,35,277,1,2219708,303,1797
22,24,0,10964,35,258,1,7397166,578,844
35,39,1,8610,30,365,3,3306405,290,826
37,40,0,693,70,96,1,253453,33,7936
13,15,0,598,67,66,0,311514,89,5599
51,52,3,21495,107,360,0,2016243,1267,1162
12,13,0,8610,65,104,0,1361667,66,751
8,14,0,598,213,24,0,36887,42,7089
11,14,0,419,32,31,0,32188,260,9854
39,42,0,10964,51,393,2,7086094,669,2034
45,46,0,10964,51,191,0,2798227,1397,1207
6,8,1,598,96,30,0,41400,65,7306
42,43,1,17568,378,208,0,1014403,226,7051
27,32,0,2660,98,120,0,357887,44,8048
10,18,0,2660,309,69,0,265651,35,7481
4,9,1,2660,316,21,0,409421,30,6389
9,12,0,2660,17,58,0,240321,24,8132
17,19,0,2660,15,70,0,381218,80,5309
20,31,0,598,89,65,0,167114,92,7114
18,19,1,8610,68,197,0,1720858,123,826
18,24,0,10964,92,216,0,2254705,226,2518
14,27,0,419,41,58,0,93873,13,10415
6,12,0,598,39,58,0,200216,107,7320
53,55,2,17568,29,322,0,1121576,254,2784
8,9,0,8610,87,84,0,1633034,49,782
22,23,0,8610,74,127,0,1558247,50,826
18,19,1,8610,161,156,0,1385859,89,826
24,28,4,598,91,32,0,50538,57,7306
10,11,3,10964,278,237,0,5521909,201,775
54,58,0,693,52,111,0,77481,31,5353
55,62,1,8610,36,226,4,1891346,94,2074
33,38,0,419,33,106,0,380781,29,10849
43,45,1,2503,54,114,0,335010,38,3575
29,32,3,17568,229,175,0,990612,273,3204
10,18,0,2660,399,69,0,265651,35,7481
35,42,0,598,51,48,0,37416,56,7306
20,23,0,2660,33,146,0,897768,206,8489
34,36,0,2503,21,100,0,541196,28,2086
67,68,0,2503,91,208,0,178665,32,607
15,18,0,693,87,39,0,75496,17,5353
33,36,0,8610,202,335,2,5070070,372,2441
110,117,0,2503,51,149,0,314608,338,1475
19,20,0,10964,31,433,0,6490108,740,121
21,22,0,10964,46,218,0,2302935,163,541
50,53,1,8610,104,316,2,2524716,382,1797
60,62,6,10964,46,199,1,2718643,228,1793
26,29,1,2660,56,142,0,600994,128,8132
60,62,0,10964,74,199,1,2718643,228,1793
39,47,0,2660,71,231,1,1028013,143,7768
24,28,1,598,47,32,0,50538,57,7306
23,24,1,10964,95,398,0,4498975,1263,1026
19,20,0,693,95,50,0,93670,33,7173
23,24,0,21495,7,382,0,3709414,1885,1162
39,47,0,2660,9,231,1,1028013,143,7768
22,41,0,419,165,30,0,29649,3,10877
34,35,1,2660,37,80,0,243325,28,8020
12,13,0,8610,27,104,0,1361667,66,751
11,16,0,598,154,86,0,218921,52,4252
43,48,0,2503,45,90,0,284677,40,1986
47,49,0,2503,46,181,0,884987,117,1986
20,31,0,598,32,65,0,167114,92,7114
22,23,0,38,20,125,0,2423056,1331,1177
22,24,39,10964,53,258,1,7397166,578,844
48,49,0,2503,151,97,0,143815,41,954
39,40,0,693,109,146,0,272088,50,7173
22,26,0,2660,56,41,0,415789,59,5701
36,49,0,419,104,42,0,65899,6,10141
46,49,0,21495,22,375,2,5236229,872,2119
25,27,0,10964,33,153,0,2542718,168,2217
29,30,2,2503,98,110,0,505744,68,4860
40,50,5,17568,40,411,7,1221363,153,471
59,65,0,17568,105,375,3,1680661,430,6389
42,49,0,17568,19,267,6,961072,981,1364
18,32,0,419,90,37,0,36710,2,9854
17,24,0,598,116,31,0,34150,6,7509
59,62,0,21495,49,453,0,1377723,100,401
37,38,0,8610,136,200,0,3050327,2699,1346
21,26,0,693,32,112,1,594125,64,5353
18,19,0,8610,31,197,0,1720858,123,826
17,18,0,693,36,53,0,66937,10,7173
12,13,0,17568,127,229,0,2590584,402,156
53,54,2,8610,89,315,0,1536371,192,853
8,16,3,598,177,27,0,182769,80,7306
30,31,1,2503,70,125,0,579775,56,947
7,8,0,693,33,43,0,74911,30,3594
32,42,4,8610,43,515,9,5296468,341,887
8,9,0,8610,83,84,0,1633034,49,782
43,47,0,419,42,54,0,36616,260,720
17,20,26,17568,13,152,1,1204637,210,5733
118,122,0,17568,68,1380,3,12190302,5604,1678
29,34,0,2660,97,100,0,244114,29,7906
4,13,0,598,50,21,0,28888,55,7306
134,137,1,21495,28,714,2,4168155,573,1742
48,50,2,17568,29,235,0,962445,310,2943
19,23,0,598,582,47,0,78612,9,7132
24,25,0,8610,80,175,0,1691176,204,863
41,49,0,693,55,63,0,57364,6,7936
19,21,0,598,134,28,0,154723,78,6725
35,42,0,598,54,48,0,37416,56,7306
33,34,1,693,89,66,0,55269,10,7936
4,5,2,2660,66,28,0,238966,40,6775
12,13,0,8610,249,104,0,1361667,66,751
0,9,0,38,28,4,0,1382475,3,1308
33,34,0,693,26,66,0,55269,10,7936
5,18,0,419,82,20,0,26872,10,9854
45,46,0,8610,128,191,0,2798227,1397,1207
16,19,0,693,150,27,0,66018,10,5353
65,67,0,8610,21,362,0,2968632,314,2766
39,43,3,17568,31,455,3,4139198,785,1664
21,33,0,598,254,41,0,34642,7,7369
39,42,0,21495,25,393,2,7086094,669,2034
21,26,0,419,93,27,0,24461,1,9854
44,46,0,2503,39,76,0,158330,11,1986
22,29,0,2660,104,88,0,292144,62,8377
67,68,1,2503,50,208,0,178665,32,607
14,16,0,2503,83,74,0,265541,33,4926
30,33,0,693,44,51,0,70429,18,8948
13,18,2,693,51,95,0,932378,84,5367
21,22,0,8610,56,171,0,1491573,99,826
26,28,0,2660,51,128,0,323029,54,8132
17,19,4,2660,79,70,0,381218,80,5309
55,56,3,17568,8,281,0,1478231,259,5843
22,26,0,2660,65,41,0,415789,59,5701
44,57,0,598,23,78,0,44223,4,7467
18,19,4,8610,145,197,0,1720858,123,826
134,137,0,21495,65,714,2,4168155,573,1742
18,19,0,21495,52,827,0,9407569,949,416
14,16,0,2503,71,74,0,265541,33,4926
26,29,0,693,10,62,1,155005,25,6935
64,65,0,419,95,79,0,210446,18,11238
0,6,0,38,41,3,0,1382475,260,1115
14,22,0,2660,43,90,0,403463,54,8132
12,13,0,17568,165,229,0,2590584,402,156
18,19,2,10964,92,152,0,2401685,59,751
4,13,0,598,32,21,0,28888,55,7306
18,19,1,8610,38,156,0,1385859,89,826
22,29,0,2660,81,88,0,292144,62,8377
55,56,1,2660,71,370,0,1318014,525,1162
66,67,1,2503,50,117,0,275989,163,1434
17,18,2,693,62,53,0,66937,10,7173
7,18,0,419,63,25,0,30890,4,9854
35,36,0,693,61,68,0,82508,18,7936
33,38,0,419,51,106,0,380781,29,10849
18,32,0,419,137,37,0,36710,2,9854
4,5,2,10964,339,198,0,3452374,173,574
20,21,0,10964,59,154,0,2714212,215,1948
40,50,0,17568,46,411,7,1221363,153,471
31,32,0,693,132,121,0,751230,95,6438
42,43,0,2503,141,218,0,1104987,275,1060
12,13,0,10964,90,168,0,5132018,475,1747
48,50,3,17568,40,235,0,962445,310,2943
25,26,0,598,61,273,0,1657441,82,751
17,18,2,2503,55,59,0,211688,13,1986
18,21,0,598,148,35,0,38870,60,7089
53,54,1,21495,108,315,0,1536371,192,853
24,28,1,598,38,32,0,50538,57,7306
31,58,0,10964,72,245,26,4690125,1077,1192
11,14,0,419,32,31,0,32188,260,9854
29,30,4,21495,139,356,0,4016170,162,401
53,54,0,21495,52,315,0,1536371,192,853
20,21,0,10964,102,154,0,2714212,215,1948
18,22,0,17568,213,172,0,828968,227,2528
23,24,0,10964,149,398,0,4498975,1263,1026
24,29,1,8610,21,195,4,2724546,198,2477
73,76,0,2503,60,141,0,562484,46,2466
10,16,0,598,55,28,0,36933,47,7089
9,10,0,10964,322,252,0,6148182,583,1030
9,10,0,10964,27,252,0,6148182,583,1030
50,52,0,2503,23,79,0,138877,22,2595
56,59,0,693,7,134,0,608156,83,4001
37,38,0,8610,89,200,0,3050327,2699,1346
26,37,0,598,72,34,0,80238,12,4252
44,45,1,21495,137,712,0,1479165,270,423
47,49,0,2503,40,181,0,884987,117,1986
27,32,0,2660,84,120,0,357887,44,8048
21,24,2,8610,36,257,2,1441789,313,2779
18,19,0,21495,129,827,0,9407569,949,416
30,32,0,693,42,70,0,233864,72,6277
25,26,2,598,10,273,0,1657441,82,751
47,51,0,10964,182,346,3,3910160,380,2036
30,33,0,693,16,51,0,70429,18,8948
5,20,0,38,48,6,0,1382475,9,1115
24,25,1,8610,184,175,0,1691176,204,863
48,51,42,17568,174,292,2,1384638,302,6578
48,49,0,2503,79,97,0,143815,41,954
7,8,4,10964,281,220,0,2378626,165,428
54,58,0,693,13,111,0,77481,31,5353
33,34,0,2503,44,106,0,222423,22,4870
52,54,0,17568,53,297,0,1024521,303,1657
40,50,0,17568,51,411,7,1221363,153,471
23,24,1,21495,26,382,0,3709414,1885,1162
24,25,0,8610,50,175,0,1691176,204,863
47,51,0,10964,16,346,3,3910160,380,2036
19,20,1,693,6,50,0,93670,33,7173
31,58,0,10964,67,245,26,4690125,1077,1192
25,26,0,8610,84,239,0,1480434,207,2914
20,25,0,419,51,28,0,41912,8,10877
18,21,0,598,22,35,0,38870,60,7089
47,51,0,21495,16,346,3,3910160,380,2036
13,18,1,693,106,95,0,932378,84,5367
41,49,0,693,107,63,0,57364,6,7936
0,20,0,38,39,5,0,1382475,260,1160
18,32,0,419,46,37,0,36710,2,9854
22,27,0,2660,151,158,0,1163069,159,8970
4,13,0,598,225,21,0,28888,55,7306
24,26,0,419,209,42,0,44509,5,10877
41,49,0,693,64,63,0,57364,6,7936
15,18,0,693,41,39,0,75496,17,5353
44,57,0,598,47,78,0,44223,4,7467
48,49,0,2503,26,97,0,143815,41,954
22,29,1,2660,81,88,0,292144,62,8377
29,30,5,21495,65,356,0,4016170,162,401
36,37,1,21495,167,508,0,4526124,507,401
9,23,0,419,80,47,0,68548,16,9854
67,68,0,2503,54,208,0,178665,32,607
22,23,1,38,61,125,0,2423056,1331,1177
22,24,0,693,6,62,0,58154,8,7936
38,40,0,21495,27,546,1,2377865,1535,1196
33,34,0,2503,6,106,0,222423,22,4870
34,36,0,2503,25,176,0,336606,54,1017
62,69,0,8610,42,372,6,6159849,319,2238
11,20,0,598,71,36,0,29021,51,7089
17,21,0,2660,108,126,2,312702,48,8468
17,18,1,2503,122,118,0,802089,611,1460
103,107,0,21495,20,399,3,1792776,310,1951
73,76,0,2503,7,141,0,562484,46,2466
20,25,0,419,29,28,0,41912,8,10877
22,24,0,21495,39,366,1,2267806,211,401
39,47,0,2660,48,231,1,1028013,143,7768
32,35,0,2660,34,85,0,276104,35,7866
45,48,1,693,56,65,0,71516,15,8790
22,29,0,2660,100,88,0,292144,62,8377
17,18,2,21495,99,319,0,3190791,366,625
36,38,0,693,42,95,0,234938,47,6452
47,51,18,21495,71,346,3,3910160,380,2036
6,7,1,2660,80,94,0,413416,81,8132
46,49,0,21495,56,375,2,5236229,872,2119
33,36,0,8610,49,335,2,5070070,372,2441
13,18,5,693,76,95,0,932378,84,5367
17,18,0,2503,41,118,0,802089,611,1460
30,31,0,2503,47,82,0,140642,18,4646
12,13,1,8610,69,104,0,1361667,66,751
0,6,0,38,26,3,0,1382475,260,1115
14,16,1,2503,83,74,0,265541,33,4926
24,26,1,419,39,42,0,44509,5,10877
19,23,0,598,37,47,0,78612,9,7132
12,16,5,21495,59,235,3,3212355,190,401
21,22,0,10964,59,218,0,2302935,163,541
94,104,1,2660,39,294,0,2015929,338,8020
20,21,1,21495,41,247,0,2330119,168,401
55,56,4,17568,70,281,0,1478231,259,5843
46,49,0,21495,75,375,2,5236229,872,2119
50,52,0,2503,51,79,0,138877,22,2595
15,16,0,10964,137,168,0,2441784,145,751
73,76,0,2503,26,141,0,562484,46,2466
19,21,0,598,98,28,0,154723,78,6725
39,43,1,17568,17,455,3,4139198,785,1664
17,18,7,21495,85,319,0,3190791,366,625
43,45,1,2503,13,114,0,335010,38,3575
30,38,0,419,38,51,0,42338,8,10601
13,14,0,10964,160,93,0,2256798,1395,1111
30,31,0,2503,48,82,0,140642,18,4646
55,66,0,419,48,50,0,49068,6,10877
19,29,0,598,126,34,0,54207,7,2049
38,39,1,8610,38,262,0,1497028,996,1175
33,41,3,8610,99,207,7,1930333,90,566
37,39,0,10964,70,138,0,2448942,317,1699
43,48,0,2503,91,90,0,284677,40,1986
52,57,0,17568,36,434,4,2640134,407,1727
11,12,0,8610,68,216,0,3708670,204,826
48,50,0,17568,34,235,0,962445,310,2943
11,25,3,419,96,31,0,34645,3,11011
10,18,0,2660,134,69,0,265651,35,7481
42,48,2,2503,51,104,0,315757,44,4252
22,25,4,21495,123,305,0,1495678,169,129
13,14,0,10964,97,93,0,2256798,1395,1111
24,29,0,8610,45,195,4,2724546,198,2477
50,57,1,2503,42,88,0,188652,27,1986
22,35,1,10964,34,149,12,2449361,452,1192
57,58,0,2503,62,157,0,183015,19,611
23,24,0,693,66,60,0,53974,9,7210
14,22,1,2660,59,90,0,403463,54,8132
42,43,1,2503,62,218,0,1104987,275,1060
37,42,41,17568,108,399,4,3060005,1027,5683
9,23,0,419,60,47,0,68548,16,9854
26,28,0,2660,55,128,0,323029,54,8132
28,30,1,8610,129,277,1,2219708,303,1797
43,45,1,2503,109,114,0,335010,38,3575
39,40,0,693,28,83,0,173703,34,7985
52,54,0,17568,17,297,0,1024521,303,1657
37,38,0,8610,83,200,0,3050327,2699,1346
17,18,5,21495,231,319,0,3190791,366,625
40,46,0,8610,198,335,0,3428303,174,2082
19,21,0,2503,90,63,0,199159,9,4870
17,18,1,21495,44,319,0,3190791,366,625
12,15,0,2660,104,72,0,290854,74,4863
20,29,0,419,69,66,0,55588,3,9854
6,7,1,2660,18,94,0,413416,81,8132
17,18,0,2503,37,59,0,211688,13,1986
30,33,0,693,26,51,0,70429,18,8948
59,65,68,17568,27,375,3,1680661,430,6389
35,36,0,693,40,68,0,82508,18,7936
6,11,1,17568,133,173,0,826526,170,1657
19,21,0,2503,104,63,0,199159,9,4870
10,16,0,598,23,28,0,36933,47,7089
43,45,0,2503,41,114,0,335010,38,3575
14,16,1,2503,28,74,0,265541,33,4926
64,65,0,419,39,79,0,210446,18,11238
53,55,3,17568,61,322,0,1121576,254,2784
39,40,1,693,128,146,0,272088,50,7173
106,107,1,17568,44,536,0,1719362,521,1657
45,46,0,10964,123,191,0,2798227,1397,1207
47,51,8,10964,55,346,3,3910160,380,2036
39,40,0,693,42,83,0,173703,34,7985
25,26,3,17568,241,377,0,1878910,389,191
18,27,5,693,43,50,0,64483,12,6018
60,62,1,10964,45,199,1,2718643,228,1793
26,37,0,598,57,34,0,80238,12,4252
29,30,0,21495,119,356,0,4016170,162,401
56,59,0,693,13,134,0,608156,83,4001
17,18,1,2503,61,118,0,802089,611,1460
47,49,0,2503,39,181,0,884987,117,1986
2,17,0,38,88,6,0,1382475,260,931
35,36,1,693,24,68,0,82508,18,7936
19,22,0,2660,50,111,0,383454,65,7917
34,36,5,21495,23,245,1,3253375,527,2043
57,58,0,2503,60,157,0,183015,19,611
29,30,0,2503,96,110,0,505744,68,4860
55,62,1,8610,58,226,4,1891346,94,2074
3,4,0,598,50,18,0,37939,46,4310
8,16,0,598,163,27,0,182769,80,7306
2,9,0,38,42,39,0,282527,50,1174
35,42,0,598,98,48,0,37416,56,7306
45,46,0,10964,51,191,0,2798227,1397,1207
0,7,0,38,32,9,0,5594,3,754
8,16,0,598,660,27,0,182769,80,7306
26,35,2,598,52,32,0,47306,23,2234
34,36,0,2503,10,176,0,336606,54,1017
34,36,1,21495,12,245,1,3253375,527,2043
22,23,0,8610,67,127,0,1558247,50,826
14,27,0,419,5,58,0,93873,13,10415
19,20,1,2503,134,45,0,273854,10,699
55,56,1,2660,126,370,0,1318014,525,1162
53,54,1,17568,24,251,0,1310185,380,5843
36,38,0,693,54,95,0,234938,47,6452
35,39,0,8610,15,277,3,3184871,369,1797
11,16,0,598,68,86,0,218921,52,4252
39,42,0,10964,63,393,2,7086094,669,2034
21,33,0,598,80,41,0,34642,7,7369
37,42,0,17568,19,399,4,3060005,1027,5683
16,19,0,693,42,27,0,66018,10,5353
50,57,1,2503,44,88,0,188652,27,1986
16,22,1,419,28,40,0,89259,12,10141
24,27,0,693,167,55,0,58072,12,7173
26,31,0,598,11,78,0,214830,87,6557
22,24,0,693,33,62,0,58154,8,7936
0,20,0,38,43,5,0,1382475,260,1160
30,31,10,21495,66,359,0,2563987,651,1162
7,18,0,419,59,25,0,30890,4,9854
59,65,32,17568,30,375,3,1680661,430,6389
34,36,0,2503,38,100,0,541196,28,2086
8,14,0,598,17,24,0,36887,42,7089
25,26,0,17568,117,377,0,1878910,389,191
22,24,0,10964,21,258,1,7397166,578,844
31,58,0,10964,24,245,26,4690125,1077,1192
54,56,1,17568,34,295,0,1338433,198,3188
23,24,1,10964,149,398,0,4498975,1263,1026